origin,date,h,model,y,pred,abs_err
2026-08-26,2026-08-27,1,naive,10.0,9.0,1.0
2026-08-26,2026-08-28,2,naive,6.0,9.0,3.0
2026-08-26,2026-08-29,3,naive,10.0,9.0,1.0
2026-08-26,2026-08-30,4,naive,19.0,9.0,10.0
2026-08-26,2026-08-31,5,naive,19.0,9.0,10.0
2026-08-26,2026-09-01,6,naive,19.0,9.0,10.0
2026-08-26,2026-09-02,7,naive,23.0,9.0,14.0
2026-08-26,2026-08-27,1,mean7,10.0,16.714285714285715,6.714285714285715
2026-08-26,2026-08-28,2,mean7,6.0,16.714285714285715,10.714285714285715
2026-08-26,2026-08-29,3,mean7,10.0,16.714285714285715,6.714285714285715
2026-08-26,2026-08-30,4,mean7,19.0,16.714285714285715,2.2857142857142847
2026-08-26,2026-08-31,5,mean7,19.0,16.714285714285715,2.2857142857142847
2026-08-26,2026-09-01,6,mean7,19.0,16.714285714285715,2.2857142857142847
2026-08-26,2026-09-02,7,mean7,23.0,16.714285714285715,6.285714285714285
2026-08-26,2026-08-27,1,seasonal_naive,10.0,6.0,4.0
2026-08-26,2026-08-28,2,seasonal_naive,6.0,3.0,3.0
2026-08-26,2026-08-29,3,seasonal_naive,10.0,26.0,16.0
2026-08-26,2026-08-30,4,seasonal_naive,19.0,39.0,20.0
2026-08-26,2026-08-31,5,seasonal_naive,19.0,19.0,0.0
2026-08-26,2026-09-01,6,seasonal_naive,19.0,15.0,4.0
2026-08-26,2026-09-02,7,seasonal_naive,23.0,9.0,14.0
2026-08-26,2026-08-27,1,dow_profile,10.0,7.491307634164776,2.5086923658352243
2026-08-26,2026-08-28,2,dow_profile,6.0,5.788737717309146,0.21126228269085434
2026-08-26,2026-08-29,3,dow_profile,10.0,5.107709750566893,4.892290249433107
2026-08-26,2026-08-30,4,dow_profile,19.0,5.107709750566893,13.892290249433106
2026-08-26,2026-08-31,5,dow_profile,19.0,3.064625850340136,15.935374149659864
2026-08-26,2026-09-01,6,dow_profile,19.0,10.215419501133786,8.784580498866214
2026-08-26,2026-09-02,7,dow_profile,23.0,8.683106575963718,14.316893424036282
2026-08-26,2026-08-27,1,promo_aware,10.0,7.491307634164776,2.5086923658352243
2026-08-26,2026-08-28,2,promo_aware,6.0,5.788737717309146,0.21126228269085434
2026-08-26,2026-08-29,3,promo_aware,10.0,5.107709750566893,4.892290249433107
2026-08-26,2026-08-30,4,promo_aware,19.0,5.107709750566893,13.892290249433106
2026-08-26,2026-08-31,5,promo_aware,19.0,3.064625850340136,15.935374149659864
2026-08-26,2026-09-01,6,promo_aware,19.0,10.215419501133786,8.784580498866214
2026-08-26,2026-09-02,7,promo_aware,23.0,8.683106575963718,14.316893424036282
2026-08-27,2026-08-28,1,naive,6.0,10.0,4.0
2026-08-27,2026-08-29,2,naive,10.0,10.0,0.0
2026-08-27,2026-08-30,3,naive,19.0,10.0,9.0
2026-08-27,2026-08-31,4,naive,19.0,10.0,9.0
2026-08-27,2026-09-01,5,naive,19.0,10.0,9.0
2026-08-27,2026-09-02,6,naive,23.0,10.0,13.0
2026-08-27,2026-09-03,7,naive,20.0,10.0,10.0
2026-08-27,2026-08-28,1,mean7,6.0,17.285714285714285,11.285714285714285
2026-08-27,2026-08-29,2,mean7,10.0,17.285714285714285,7.285714285714285
2026-08-27,2026-08-30,3,mean7,19.0,17.285714285714285,1.7142857142857153
2026-08-27,2026-08-31,4,mean7,19.0,17.285714285714285,1.7142857142857153
2026-08-27,2026-09-01,5,mean7,19.0,17.285714285714285,1.7142857142857153
2026-08-27,2026-09-02,6,mean7,23.0,17.285714285714285,5.714285714285715
2026-08-27,2026-09-03,7,mean7,20.0,17.285714285714285,2.7142857142857153
2026-08-27,2026-08-28,1,seasonal_naive,6.0,3.0,3.0
2026-08-27,2026-08-29,2,seasonal_naive,10.0,26.0,16.0
2026-08-27,2026-08-30,3,seasonal_naive,19.0,39.0,20.0
2026-08-27,2026-08-31,4,seasonal_naive,19.0,19.0,0.0
2026-08-27,2026-09-01,5,seasonal_naive,19.0,15.0,4.0
2026-08-27,2026-09-02,6,seasonal_naive,23.0,9.0,14.0
2026-08-27,2026-09-03,7,seasonal_naive,20.0,10.0,10.0
2026-08-27,2026-08-28,1,dow_profile,6.0,5.946428571428572,0.05357142857142794
2026-08-27,2026-08-29,2,dow_profile,10.0,5.246848739495799,4.753151260504201
2026-08-27,2026-08-30,3,dow_profile,19.0,5.246848739495799,13.7531512605042
2026-08-27,2026-08-31,4,dow_profile,19.0,3.1481092436974794,15.85189075630252
2026-08-27,2026-09-01,5,dow_profile,19.0,10.493697478991598,8.506302521008402
2026-08-27,2026-09-02,6,dow_profile,23.0,8.919642857142858,14.080357142857142
2026-08-27,2026-09-03,7,dow_profile,20.0,8.394957983193278,11.605042016806722
2026-08-27,2026-08-28,1,promo_aware,6.0,5.946428571428572,0.05357142857142794
2026-08-27,2026-08-29,2,promo_aware,10.0,5.246848739495799,4.753151260504201
2026-08-27,2026-08-30,3,promo_aware,19.0,5.246848739495799,13.7531512605042
2026-08-27,2026-08-31,4,promo_aware,19.0,3.1481092436974794,15.85189075630252
2026-08-27,2026-09-01,5,promo_aware,19.0,10.493697478991598,8.506302521008402
2026-08-27,2026-09-02,6,promo_aware,23.0,8.919642857142858,14.080357142857142
2026-08-27,2026-09-03,7,promo_aware,20.0,8.394957983193278,11.605042016806722
2026-08-28,2026-08-29,1,naive,10.0,6.0,4.0
2026-08-28,2026-08-30,2,naive,19.0,6.0,13.0
2026-08-28,2026-08-31,3,naive,19.0,6.0,13.0
2026-08-28,2026-09-01,4,naive,19.0,6.0,13.0
2026-08-28,2026-09-02,5,naive,23.0,6.0,17.0
2026-08-28,2026-09-03,6,naive,20.0,6.0,14.0
2026-08-28,2026-09-04,7,naive,26.0,6.0,20.0
2026-08-28,2026-08-29,1,mean7,10.0,17.714285714285715,7.714285714285715
2026-08-28,2026-08-30,2,mean7,19.0,17.714285714285715,1.2857142857142847
2026-08-28,2026-08-31,3,mean7,19.0,17.714285714285715,1.2857142857142847
2026-08-28,2026-09-01,4,mean7,19.0,17.714285714285715,1.2857142857142847
2026-08-28,2026-09-02,5,mean7,23.0,17.714285714285715,5.285714285714285
2026-08-28,2026-09-03,6,mean7,20.0,17.714285714285715,2.2857142857142847
2026-08-28,2026-09-04,7,mean7,26.0,17.714285714285715,8.285714285714285
2026-08-28,2026-08-29,1,seasonal_naive,10.0,26.0,16.0
2026-08-28,2026-08-30,2,seasonal_naive,19.0,39.0,20.0
2026-08-28,2026-08-31,3,seasonal_naive,19.0,19.0,0.0
2026-08-28,2026-09-01,4,seasonal_naive,19.0,15.0,4.0
2026-08-28,2026-09-02,5,seasonal_naive,23.0,9.0,14.0
2026-08-28,2026-09-03,6,seasonal_naive,20.0,10.0,10.0
2026-08-28,2026-09-04,7,seasonal_naive,26.0,6.0,20.0
2026-08-28,2026-08-29,1,dow_profile,10.0,5.017605633802817,4.982394366197183
2026-08-28,2026-08-30,2,dow_profile,19.0,5.017605633802817,13.982394366197184
2026-08-28,2026-08-31,3,dow_profile,19.0,3.01056338028169,15.98943661971831
2026-08-28,2026-09-01,4,dow_profile,19.0,10.035211267605634,8.964788732394366
2026-08-28,2026-09-02,5,dow_profile,23.0,8.529929577464788,14.470070422535212
2026-08-28,2026-09-03,6,dow_profile,20.0,8.028169014084506,11.971830985915494
2026-08-28,2026-09-04,7,dow_profile,26.0,5.77024647887324,20.22975352112676
2026-08-28,2026-08-29,1,promo_aware,10.0,5.017605633802817,4.982394366197183
2026-08-28,2026-08-30,2,promo_aware,19.0,5.017605633802817,13.982394366197184
2026-08-28,2026-08-31,3,promo_aware,19.0,3.01056338028169,15.98943661971831
2026-08-28,2026-09-01,4,promo_aware,19.0,10.035211267605634,8.964788732394366
2026-08-28,2026-09-02,5,promo_aware,23.0,8.529929577464788,14.470070422535212
2026-08-28,2026-09-03,6,promo_aware,20.0,8.028169014084506,11.971830985915494
2026-08-28,2026-09-04,7,promo_aware,26.0,34.296562268346925,8.296562268346925
2026-08-29,2026-08-30,1,naive,19.0,10.0,9.0
2026-08-29,2026-08-31,2,naive,19.0,10.0,9.0
2026-08-29,2026-09-01,3,naive,19.0,10.0,9.0
2026-08-29,2026-09-02,4,naive,23.0,10.0,13.0
2026-08-29,2026-09-03,5,naive,20.0,10.0,10.0
2026-08-29,2026-09-04,6,naive,26.0,10.0,16.0
2026-08-29,2026-09-05,7,naive,49.0,10.0,39.0
2026-08-29,2026-08-30,1,mean7,19.0,15.428571428571429,3.571428571428571
2026-08-29,2026-08-31,2,mean7,19.0,15.428571428571429,3.571428571428571
2026-08-29,2026-09-01,3,mean7,19.0,15.428571428571429,3.571428571428571
2026-08-29,2026-09-02,4,mean7,23.0,15.428571428571429,7.571428571428571
2026-08-29,2026-09-03,5,mean7,20.0,15.428571428571429,4.571428571428571
2026-08-29,2026-09-04,6,mean7,26.0,15.428571428571429,10.571428571428571
2026-08-29,2026-09-05,7,mean7,49.0,15.428571428571429,33.57142857142857
2026-08-29,2026-08-30,1,seasonal_naive,19.0,39.0,20.0
2026-08-29,2026-08-31,2,seasonal_naive,19.0,19.0,0.0
2026-08-29,2026-09-01,3,seasonal_naive,19.0,15.0,4.0
2026-08-29,2026-09-02,4,seasonal_naive,23.0,9.0,14.0
2026-08-29,2026-09-03,5,seasonal_naive,20.0,10.0,10.0
2026-08-29,2026-09-04,6,seasonal_naive,26.0,6.0,20.0
2026-08-29,2026-09-05,7,seasonal_naive,49.0,10.0,39.0
2026-08-29,2026-08-30,1,dow_profile,19.0,4.74624060150376,14.25375939849624
2026-08-29,2026-08-31,2,dow_profile,19.0,2.8477443609022557,16.152255639097746
2026-08-29,2026-09-01,3,dow_profile,19.0,9.49248120300752,9.50751879699248
2026-08-29,2026-09-02,4,dow_profile,23.0,8.068609022556391,14.931390977443609
2026-08-29,2026-09-03,5,dow_profile,20.0,7.593984962406015,12.406015037593985
2026-08-29,2026-09-04,6,dow_profile,26.0,5.4581766917293235,20.541823308270676
2026-08-29,2026-09-05,7,dow_profile,49.0,7.1193609022556394,41.880639097744364
2026-08-29,2026-08-30,1,promo_aware,19.0,4.74624060150376,14.25375939849624
2026-08-29,2026-08-31,2,promo_aware,19.0,2.8477443609022557,16.152255639097746
2026-08-29,2026-09-01,3,promo_aware,19.0,9.49248120300752,9.50751879699248
2026-08-29,2026-09-02,4,promo_aware,23.0,8.068609022556391,14.931390977443609
2026-08-29,2026-09-03,5,promo_aware,20.0,7.593984962406015,12.406015037593985
2026-08-29,2026-09-04,6,promo_aware,26.0,33.85817669172932,7.858176691729319
2026-08-29,2026-09-05,7,promo_aware,49.0,35.51936090225564,13.480639097744358
2026-08-30,2026-08-31,1,naive,19.0,19.0,0.0
2026-08-30,2026-09-01,2,naive,19.0,19.0,0.0
2026-08-30,2026-09-02,3,naive,23.0,19.0,4.0
2026-08-30,2026-09-03,4,naive,20.0,19.0,1.0
2026-08-30,2026-09-04,5,naive,26.0,19.0,7.0
2026-08-30,2026-09-05,6,naive,49.0,19.0,30.0
2026-08-30,2026-09-06,7,naive,45.0,19.0,26.0
2026-08-30,2026-08-31,1,mean7,19.0,12.571428571428571,6.428571428571429
2026-08-30,2026-09-01,2,mean7,19.0,12.571428571428571,6.428571428571429
2026-08-30,2026-09-02,3,mean7,23.0,12.571428571428571,10.428571428571429
2026-08-30,2026-09-03,4,mean7,20.0,12.571428571428571,7.428571428571429
2026-08-30,2026-09-04,5,mean7,26.0,12.571428571428571,13.428571428571429
2026-08-30,2026-09-05,6,mean7,49.0,12.571428571428571,36.42857142857143
2026-08-30,2026-09-06,7,mean7,45.0,12.571428571428571,32.42857142857143
2026-08-30,2026-08-31,1,seasonal_naive,19.0,19.0,0.0
2026-08-30,2026-09-01,2,seasonal_naive,19.0,15.0,4.0
2026-08-30,2026-09-02,3,seasonal_naive,23.0,9.0,14.0
2026-08-30,2026-09-03,4,seasonal_naive,20.0,10.0,10.0
2026-08-30,2026-09-04,5,seasonal_naive,26.0,6.0,20.0
2026-08-30,2026-09-05,6,seasonal_naive,49.0,10.0,39.0
2026-08-30,2026-09-06,7,seasonal_naive,45.0,19.0,26.0
2026-08-30,2026-08-31,1,dow_profile,19.0,2.921052631578948,16.07894736842105
2026-08-30,2026-09-01,2,dow_profile,19.0,9.73684210526316,9.26315789473684
2026-08-30,2026-09-02,3,dow_profile,23.0,8.276315789473685,14.723684210526315
2026-08-30,2026-09-03,4,dow_profile,20.0,7.789473684210527,12.210526315789473
2026-08-30,2026-09-04,5,dow_profile,26.0,5.598684210526317,20.401315789473685
2026-08-30,2026-09-05,6,dow_profile,49.0,7.302631578947369,41.69736842105263
2026-08-30,2026-09-06,7,dow_profile,45.0,11.684210526315791,33.315789473684205
2026-08-30,2026-08-31,1,promo_aware,19.0,2.921052631578948,16.07894736842105
2026-08-30,2026-09-01,2,promo_aware,19.0,9.73684210526316,9.26315789473684
2026-08-30,2026-09-02,3,promo_aware,23.0,8.276315789473685,14.723684210526315
2026-08-30,2026-09-03,4,promo_aware,20.0,7.789473684210527,12.210526315789473
2026-08-30,2026-09-04,5,promo_aware,26.0,33.455827067669176,7.455827067669176
2026-08-30,2026-09-05,6,promo_aware,49.0,35.159774436090224,13.840225563909776
2026-08-30,2026-09-06,7,promo_aware,45.0,39.54135338345865,5.458646616541351
2026-08-31,2026-09-01,1,naive,19.0,19.0,0.0
2026-08-31,2026-09-02,2,naive,23.0,19.0,4.0
2026-08-31,2026-09-03,3,naive,20.0,19.0,1.0
2026-08-31,2026-09-04,4,naive,26.0,19.0,7.0
2026-08-31,2026-09-05,5,naive,49.0,19.0,30.0
2026-08-31,2026-09-06,6,naive,45.0,19.0,26.0
2026-08-31,2026-09-07,7,naive,17.0,19.0,2.0
2026-08-31,2026-09-01,1,mean7,19.0,12.571428571428571,6.428571428571429
2026-08-31,2026-09-02,2,mean7,23.0,12.571428571428571,10.428571428571429
2026-08-31,2026-09-03,3,mean7,20.0,12.571428571428571,7.428571428571429
2026-08-31,2026-09-04,4,mean7,26.0,12.571428571428571,13.428571428571429
2026-08-31,2026-09-05,5,mean7,49.0,12.571428571428571,36.42857142857143
2026-08-31,2026-09-06,6,mean7,45.0,12.571428571428571,32.42857142857143
2026-08-31,2026-09-07,7,mean7,17.0,12.571428571428571,4.428571428571429
2026-08-31,2026-09-01,1,seasonal_naive,19.0,15.0,4.0
2026-08-31,2026-09-02,2,seasonal_naive,23.0,9.0,14.0
2026-08-31,2026-09-03,3,seasonal_naive,20.0,10.0,10.0
2026-08-31,2026-09-04,4,seasonal_naive,26.0,6.0,20.0
2026-08-31,2026-09-05,5,seasonal_naive,49.0,10.0,39.0
2026-08-31,2026-09-06,6,seasonal_naive,45.0,19.0,26.0
2026-08-31,2026-09-07,7,seasonal_naive,17.0,19.0,2.0
2026-08-31,2026-09-01,1,dow_profile,19.0,10.00751879699248,8.99248120300752
2026-08-31,2026-09-02,2,dow_profile,23.0,8.506390977443608,14.493609022556392
2026-08-31,2026-09-03,3,dow_profile,20.0,8.006015037593984,11.993984962406016
2026-08-31,2026-09-04,4,dow_profile,26.0,5.754323308270676,20.245676691729322
2026-08-31,2026-09-05,5,dow_profile,49.0,7.50563909774436,41.49436090225564
2026-08-31,2026-09-06,6,dow_profile,45.0,12.009022556390976,32.990977443609026
2026-08-31,2026-09-07,7,dow_profile,17.0,11.008270676691728,5.991729323308272
2026-08-31,2026-09-01,1,promo_aware,19.0,10.00751879699248,8.99248120300752
2026-08-31,2026-09-02,2,promo_aware,23.0,8.506390977443608,14.493609022556392
2026-08-31,2026-09-03,3,promo_aware,20.0,8.006015037593984,11.993984962406016
2026-08-31,2026-09-04,4,promo_aware,26.0,33.11795967190704,7.1179596719070375
2026-08-31,2026-09-05,5,promo_aware,49.0,34.869275461380724,14.130724538619276
2026-08-31,2026-09-06,6,promo_aware,45.0,39.37265892002734,5.627341079972659
2026-08-31,2026-09-07,7,promo_aware,17.0,11.008270676691728,5.991729323308272
2026-09-01,2026-09-02,1,naive,23.0,19.0,4.0
2026-09-01,2026-09-03,2,naive,20.0,19.0,1.0
2026-09-01,2026-09-04,3,naive,26.0,19.0,7.0
2026-09-01,2026-09-05,4,naive,49.0,19.0,30.0
2026-09-01,2026-09-06,5,naive,45.0,19.0,26.0
2026-09-01,2026-09-07,6,naive,17.0,19.0,2.0
2026-09-01,2026-09-08,7,naive,6.0,19.0,13.0
2026-09-01,2026-09-02,1,mean7,23.0,13.142857142857142,9.857142857142858
2026-09-01,2026-09-03,2,mean7,20.0,13.142857142857142,6.857142857142858
2026-09-01,2026-09-04,3,mean7,26.0,13.142857142857142,12.857142857142858
2026-09-01,2026-09-05,4,mean7,49.0,13.142857142857142,35.85714285714286
2026-09-01,2026-09-06,5,mean7,45.0,13.142857142857142,31.857142857142858
2026-09-01,2026-09-07,6,mean7,17.0,13.142857142857142,3.8571428571428577
2026-09-01,2026-09-08,7,mean7,6.0,13.142857142857142,7.142857142857142
2026-09-01,2026-09-02,1,seasonal_naive,23.0,9.0,14.0
2026-09-01,2026-09-03,2,seasonal_naive,20.0,10.0,10.0
2026-09-01,2026-09-04,3,seasonal_naive,26.0,6.0,20.0
2026-09-01,2026-09-05,4,seasonal_naive,49.0,10.0,39.0
2026-09-01,2026-09-06,5,seasonal_naive,45.0,19.0,26.0
2026-09-01,2026-09-07,6,seasonal_naive,17.0,19.0,2.0
2026-09-01,2026-09-08,7,seasonal_naive,6.0,19.0,13.0
2026-09-01,2026-09-02,1,dow_profile,23.0,9.019993164730005,13.980006835269995
2026-09-01,2026-09-03,2,dow_profile,20.0,8.489405331510593,11.510594668489407
2026-09-01,2026-09-04,3,dow_profile,26.0,6.101760082023239,19.89823991797676
2026-09-01,2026-09-05,4,dow_profile,49.0,7.9588174982911815,41.04118250170882
2026-09-01,2026-09-06,5,dow_profile,45.0,12.734107997265891,32.265892002734105
2026-09-01,2026-09-07,6,dow_profile,17.0,11.672932330827066,5.3270676691729335
2026-09-01,2026-09-08,7,dow_profile,6.0,12.521872863978126,6.5218728639781265
2026-09-01,2026-09-02,1,promo_aware,23.0,9.019993164730005,13.980006835269995
2026-09-01,2026-09-03,2,promo_aware,20.0,8.489405331510593,11.510594668489407
2026-09-01,2026-09-04,3,promo_aware,26.0,33.01480356028411,7.014803560284108
2026-09-01,2026-09-05,4,promo_aware,49.0,34.87186097655205,14.12813902344795
2026-09-01,2026-09-06,5,promo_aware,45.0,39.647151475526755,5.352848524473245
2026-09-01,2026-09-07,6,promo_aware,17.0,11.672932330827066,5.3270676691729335
2026-09-01,2026-09-08,7,promo_aware,6.0,12.521872863978126,6.5218728639781265
2026-09-02,2026-09-03,1,naive,20.0,23.0,3.0
2026-09-02,2026-09-04,2,naive,26.0,23.0,3.0
2026-09-02,2026-09-05,3,naive,49.0,23.0,26.0
2026-09-02,2026-09-06,4,naive,45.0,23.0,22.0
2026-09-02,2026-09-07,5,naive,17.0,23.0,6.0
2026-09-02,2026-09-08,6,naive,6.0,23.0,17.0
2026-09-02,2026-09-09,7,naive,16.0,23.0,7.0
2026-09-02,2026-09-03,1,mean7,20.0,15.142857142857142,4.857142857142858
2026-09-02,2026-09-04,2,mean7,26.0,15.142857142857142,10.857142857142858
2026-09-02,2026-09-05,3,mean7,49.0,15.142857142857142,33.85714285714286
2026-09-02,2026-09-06,4,mean7,45.0,15.142857142857142,29.857142857142858
2026-09-02,2026-09-07,5,mean7,17.0,15.142857142857142,1.8571428571428577
2026-09-02,2026-09-08,6,mean7,6.0,15.142857142857142,9.142857142857142
2026-09-02,2026-09-09,7,mean7,16.0,15.142857142857142,0.8571428571428577
2026-09-02,2026-09-03,1,seasonal_naive,20.0,10.0,10.0
2026-09-02,2026-09-04,2,seasonal_naive,26.0,6.0,20.0
2026-09-02,2026-09-05,3,seasonal_naive,49.0,10.0,39.0
2026-09-02,2026-09-06,4,seasonal_naive,45.0,19.0,26.0
2026-09-02,2026-09-07,5,seasonal_naive,17.0,19.0,2.0
2026-09-02,2026-09-08,6,seasonal_naive,6.0,19.0,13.0
2026-09-02,2026-09-09,7,seasonal_naive,16.0,23.0,7.0
2026-09-02,2026-09-03,1,dow_profile,20.0,9.044334975369459,10.955665024630541
2026-09-02,2026-09-04,2,dow_profile,26.0,6.500615763546798,19.499384236453203
2026-09-02,2026-09-05,3,dow_profile,49.0,8.479064039408867,40.52093596059113
2026-09-02,2026-09-06,4,dow_profile,45.0,13.566502463054189,31.43349753694581
2026-09-02,2026-09-07,5,dow_profile,17.0,12.435960591133005,4.564039408866995
2026-09-02,2026-09-08,6,dow_profile,6.0,13.340394088669953,7.340394088669953
2026-09-02,2026-09-09,7,dow_profile,16.0,12.88817733990148,3.11182266009852
2026-09-02,2026-09-03,1,promo_aware,20.0,9.044334975369459,10.955665024630541
2026-09-02,2026-09-04,2,promo_aware,26.0,32.83394909688013,6.833949096880133
2026-09-02,2026-09-05,3,promo_aware,49.0,34.812397372742204,14.187602627257796
2026-09-02,2026-09-06,4,promo_aware,45.0,39.89983579638752,5.100164203612479
2026-09-02,2026-09-07,5,promo_aware,17.0,12.435960591133005,4.564039408866995
2026-09-02,2026-09-08,6,promo_aware,6.0,13.340394088669953,7.340394088669953
2026-09-02,2026-09-09,7,promo_aware,16.0,12.88817733990148,3.11182266009852
2026-09-03,2026-09-04,1,naive,26.0,20.0,6.0
2026-09-03,2026-09-05,2,naive,49.0,20.0,29.0
2026-09-03,2026-09-06,3,naive,45.0,20.0,25.0
2026-09-03,2026-09-07,4,naive,17.0,20.0,3.0
2026-09-03,2026-09-08,5,naive,6.0,20.0,14.0
2026-09-03,2026-09-09,6,naive,16.0,20.0,4.0
2026-09-03,2026-09-04,1,mean7,26.0,16.571428571428573,9.428571428571427
2026-09-03,2026-09-05,2,mean7,49.0,16.571428571428573,32.42857142857143
2026-09-03,2026-09-06,3,mean7,45.0,16.571428571428573,28.428571428571427
2026-09-03,2026-09-07,4,mean7,17.0,16.571428571428573,0.42857142857142705
2026-09-03,2026-09-08,5,mean7,6.0,16.571428571428573,10.571428571428573
2026-09-03,2026-09-09,6,mean7,16.0,16.571428571428573,0.571428571428573
2026-09-03,2026-09-04,1,seasonal_naive,26.0,6.0,20.0
2026-09-03,2026-09-05,2,seasonal_naive,49.0,10.0,39.0
2026-09-03,2026-09-06,3,seasonal_naive,45.0,19.0,26.0
2026-09-03,2026-09-07,4,seasonal_naive,17.0,19.0,2.0
2026-09-03,2026-09-08,5,seasonal_naive,6.0,19.0,13.0
2026-09-03,2026-09-09,6,seasonal_naive,16.0,23.0,7.0
2026-09-03,2026-09-04,1,dow_profile,26.0,6.92672902494331,19.07327097505669
2026-09-03,2026-09-05,2,dow_profile,49.0,9.03486394557823,39.96513605442177
2026-09-03,2026-09-06,3,dow_profile,45.0,14.45578231292517,30.54421768707483
2026-09-03,2026-09-07,4,dow_profile,17.0,13.25113378684807,3.7488662131519295
2026-09-03,2026-09-08,5,dow_profile,6.0,14.214852607709751,8.214852607709751
2026-09-03,2026-09-09,6,dow_profile,16.0,13.73299319727891,2.26700680272109
2026-09-03,2026-09-04,1,promo_aware,26.0,32.846729024943315,6.846729024943315
2026-09-03,2026-09-05,2,promo_aware,49.0,34.95486394557823,14.045136054421768
2026-09-03,2026-09-06,3,promo_aware,45.0,40.37578231292517,4.624217687074832
2026-09-03,2026-09-07,4,promo_aware,17.0,13.25113378684807,3.7488662131519295
2026-09-03,2026-09-08,5,promo_aware,6.0,14.214852607709751,8.214852607709751
2026-09-03,2026-09-09,6,promo_aware,16.0,13.73299319727891,2.26700680272109
2026-09-04,2026-09-05,1,naive,49.0,26.0,23.0
2026-09-04,2026-09-06,2,naive,45.0,26.0,19.0
2026-09-04,2026-09-07,3,naive,17.0,26.0,9.0
2026-09-04,2026-09-08,4,naive,6.0,26.0,20.0
2026-09-04,2026-09-09,5,naive,16.0,26.0,10.0
2026-09-04,2026-09-05,1,mean7,49.0,19.428571428571427,29.571428571428573
2026-09-04,2026-09-06,2,mean7,45.0,19.428571428571427,25.571428571428573
2026-09-04,2026-09-07,3,mean7,17.0,19.428571428571427,2.428571428571427
2026-09-04,2026-09-08,4,mean7,6.0,19.428571428571427,13.428571428571427
2026-09-04,2026-09-09,5,mean7,16.0,19.428571428571427,3.428571428571427
2026-09-04,2026-09-05,1,seasonal_naive,49.0,10.0,39.0
2026-09-04,2026-09-06,2,seasonal_naive,45.0,19.0,26.0
2026-09-04,2026-09-07,3,seasonal_naive,17.0,19.0,2.0
2026-09-04,2026-09-08,4,seasonal_naive,6.0,19.0,13.0
2026-09-04,2026-09-09,5,seasonal_naive,16.0,23.0,7.0
2026-09-04,2026-09-05,1,dow_profile,49.0,9.03486394557823,39.96513605442177
2026-09-04,2026-09-06,2,dow_profile,45.0,14.45578231292517,30.54421768707483
2026-09-04,2026-09-07,3,dow_profile,17.0,13.25113378684807,3.7488662131519295
2026-09-04,2026-09-08,4,dow_profile,6.0,14.214852607709751,8.214852607709751
2026-09-04,2026-09-09,5,dow_profile,16.0,13.73299319727891,2.26700680272109
2026-09-04,2026-09-05,1,promo_aware,49.0,33.5262925170068,15.473707482993198
2026-09-04,2026-09-06,2,promo_aware,45.0,38.94721088435374,6.052789115646263
2026-09-04,2026-09-07,3,promo_aware,17.0,13.25113378684807,3.7488662131519295
2026-09-04,2026-09-08,4,promo_aware,6.0,14.214852607709751,8.214852607709751
2026-09-04,2026-09-09,5,promo_aware,16.0,13.73299319727891,2.26700680272109
2026-09-05,2026-09-06,1,naive,45.0,49.0,4.0
2026-09-05,2026-09-07,2,naive,17.0,49.0,32.0
2026-09-05,2026-09-08,3,naive,6.0,49.0,43.0
2026-09-05,2026-09-09,4,naive,16.0,49.0,33.0
2026-09-05,2026-09-06,1,mean7,45.0,25.0,20.0
2026-09-05,2026-09-07,2,mean7,17.0,25.0,8.0
2026-09-05,2026-09-08,3,mean7,6.0,25.0,19.0
2026-09-05,2026-09-09,4,mean7,16.0,25.0,9.0
2026-09-05,2026-09-06,1,seasonal_naive,45.0,19.0,26.0
2026-09-05,2026-09-07,2,seasonal_naive,17.0,19.0,2.0
2026-09-05,2026-09-08,3,seasonal_naive,6.0,19.0,13.0
2026-09-05,2026-09-09,4,seasonal_naive,16.0,23.0,7.0
2026-09-05,2026-09-06,1,dow_profile,45.0,14.45578231292517,30.54421768707483
2026-09-05,2026-09-07,2,dow_profile,17.0,13.25113378684807,3.7488662131519295
2026-09-05,2026-09-08,3,dow_profile,6.0,14.214852607709751,8.214852607709751
2026-09-05,2026-09-09,4,dow_profile,16.0,13.73299319727891,2.26700680272109
2026-09-05,2026-09-06,1,promo_aware,45.0,40.75078231292517,4.249217687074832
2026-09-05,2026-09-07,2,promo_aware,17.0,13.25113378684807,3.7488662131519295
2026-09-05,2026-09-08,3,promo_aware,6.0,14.214852607709751,8.214852607709751
2026-09-05,2026-09-09,4,promo_aware,16.0,13.73299319727891,2.26700680272109
2026-09-06,2026-09-07,1,naive,17.0,45.0,28.0
2026-09-06,2026-09-08,2,naive,6.0,45.0,39.0
2026-09-06,2026-09-09,3,naive,16.0,45.0,29.0
2026-09-06,2026-09-07,1,mean7,17.0,28.714285714285715,11.714285714285715
2026-09-06,2026-09-08,2,mean7,6.0,28.714285714285715,22.714285714285715
2026-09-06,2026-09-09,3,mean7,16.0,28.714285714285715,12.714285714285715
2026-09-06,2026-09-07,1,seasonal_naive,17.0,19.0,2.0
2026-09-06,2026-09-08,2,seasonal_naive,6.0,19.0,13.0
2026-09-06,2026-09-09,3,seasonal_naive,16.0,23.0,7.0
2026-09-06,2026-09-07,1,dow_profile,17.0,13.25113378684807,3.7488662131519295
2026-09-06,2026-09-08,2,dow_profile,6.0,14.214852607709751,8.214852607709751
2026-09-06,2026-09-09,3,dow_profile,16.0,13.73299319727891,2.26700680272109
2026-09-06,2026-09-07,1,promo_aware,17.0,13.25113378684807,3.7488662131519295
2026-09-06,2026-09-08,2,promo_aware,6.0,14.214852607709751,8.214852607709751
2026-09-06,2026-09-09,3,promo_aware,16.0,13.73299319727891,2.26700680272109
2026-09-07,2026-09-08,1,naive,6.0,17.0,11.0
2026-09-07,2026-09-09,2,naive,16.0,17.0,1.0
2026-09-07,2026-09-08,1,mean7,6.0,28.428571428571427,22.428571428571427
2026-09-07,2026-09-09,2,mean7,16.0,28.428571428571427,12.428571428571427
2026-09-07,2026-09-08,1,seasonal_naive,6.0,19.0,13.0
2026-09-07,2026-09-09,2,seasonal_naive,16.0,23.0,7.0
2026-09-07,2026-09-08,1,dow_profile,6.0,14.745300053106744,8.745300053106744
2026-09-07,2026-09-09,2,dow_profile,16.0,14.245459373340415,1.754540626659585
2026-09-07,2026-09-08,1,promo_aware,6.0,14.745300053106744,8.745300053106744
2026-09-07,2026-09-09,2,promo_aware,16.0,14.245459373340415,1.754540626659585
2026-09-08,2026-09-09,1,naive,16.0,6.0,10.0
2026-09-08,2026-09-09,1,mean7,16.0,26.571428571428573,10.571428571428573
2026-09-08,2026-09-09,1,seasonal_naive,16.0,23.0,7.0
2026-09-08,2026-09-09,1,dow_profile,16.0,14.550545454545457,1.449454545454543
2026-09-08,2026-09-09,1,promo_aware,16.0,14.550545454545457,1.449454545454543
