order_id,student_id,ts,n_items,order_total,courses,lines,date,is_bundle,order_seq,is_repeat
1,437,2026-08-04 09:08:31,1,8950.0,ML про,ПРО,2026-08-04,False,1,False
2,437,2026-08-04 09:35:00,1,7890.0,Аналитика старт,СТАРТ,2026-08-04,False,2,True
3,443,2026-08-04 10:14:38,2,16950.0,Линейная алгебра + Мат анализ,Другое,2026-08-04,True,1,False
4,430,2026-08-04 13:38:06,1,8950.0,К ВУЗу,Другое,2026-08-04,False,1,False
5,480,2026-08-04 16:17:19,1,15695.0,Data Science,Другое,2026-08-04,False,1,False
6,131,2026-08-04 17:05:46,1,8745.0,Backend старт,СТАРТ,2026-08-04,False,1,False
7,571,2026-08-04 17:19:52,2,16950.0,ML про + ML старт,ПРО/СТАРТ,2026-08-04,True,1,False
8,159,2026-08-05 12:56:32,2,16950.0,Backend про + Backend старт,ПРО/СТАРТ,2026-08-05,True,1,False
9,126,2026-08-05 13:22:41,1,8745.0,ML старт,СТАРТ,2026-08-05,False,1,False
10,225,2026-08-05 14:22:34,1,8745.0,АВ тестам,Другое,2026-08-05,False,1,False
11,137,2026-08-05 15:01:16,1,8475.0,Backend старт,СТАРТ,2026-08-05,False,1,False
12,280,2026-08-05 16:37:02,1,8245.0,ML старт,СТАРТ,2026-08-05,False,1,False
13,222,2026-08-05 18:52:56,2,15950.0,Backend про + Backend старт,ПРО/СТАРТ,2026-08-05,True,1,False
14,291,2026-08-06 10:06:16,2,19900.0,Линейная алгебра + Мат анализ,Другое,2026-08-06,True,1,False
15,295,2026-08-06 10:14:55,1,6950.0,К ВУЗу,Другое,2026-08-06,False,1,False
16,294,2026-08-06 10:39:31,1,9950.0,Линейная алгебра,Другое,2026-08-06,False,1,False
17,325,2026-08-06 11:41:17,1,9950.0,Линейная алгебра,Другое,2026-08-06,False,1,False
18,166,2026-08-06 12:15:46,1,6950.0,К ВУЗу,Другое,2026-08-06,False,1,False
19,477,2026-08-06 14:52:49,1,500.0,Теория вероятностей,Другое,2026-08-06,False,1,False
20,579,2026-08-06 16:20:47,1,8245.0,ML старт,СТАРТ,2026-08-06,False,1,False
21,334,2026-08-07 11:16:14,2,19900.0,Линейная алгебра + Мат анализ,Другое,2026-08-07,True,1,False
22,459,2026-08-07 11:31:08,1,9950.0,Мат анализ,Другое,2026-08-07,False,1,False
23,313,2026-08-07 11:58:49,1,9450.0,Мат анализ,Другое,2026-08-07,False,1,False
24,481,2026-08-07 13:09:54,1,8745.0,ML про,ПРО,2026-08-07,False,1,False
25,249,2026-08-07 19:38:55,1,6950.0,К ВУЗу,Другое,2026-08-07,False,1,False
26,259,2026-08-08 07:59:01,1,8745.0,ML про,ПРО,2026-08-08,False,1,False
27,26,2026-08-08 09:23:01,1,6490.0,Backend старт,СТАРТ,2026-08-08,False,1,False
28,183,2026-08-08 10:08:11,1,6490.0,Backend старт,СТАРТ,2026-08-08,False,1,False
29,47,2026-08-08 12:24:55,2,9990.0,ML старт + Алгоритмы старт,СТАРТ,2026-08-08,True,1,False
30,518,2026-08-08 12:37:37,1,6490.0,Алгоритмы старт,СТАРТ,2026-08-08,False,1,False
31,54,2026-08-08 12:39:51,1,6490.0,Алгоритмы старт,СТАРТ,2026-08-08,False,1,False
32,554,2026-08-08 12:44:01,2,10000.0,ML старт + Алгоритмы старт,СТАРТ,2026-08-08,True,1,False
33,473,2026-08-08 13:57:16,1,10000.0,Алгоритмы,Другое,2026-08-08,False,1,False
34,308,2026-08-08 14:05:17,2,9900.0,Backend старт + Алгоритмы старт,СТАРТ,2026-08-08,True,1,False
35,412,2026-08-08 14:06:52,2,9990.0,ML старт + Алгоритмы старт,СТАРТ,2026-08-08,True,1,False
36,7,2026-08-08 14:07:56,1,4950.0,Backend старт,СТАРТ,2026-08-08,False,1,False
37,370,2026-08-08 14:10:35,1,6490.0,Backend старт,СТАРТ,2026-08-08,False,1,False
38,532,2026-08-08 16:22:47,2,9990.0,Аналитика про + Аналитика старт,ПРО/СТАРТ,2026-08-08,True,1,False
39,451,2026-08-08 16:24:46,1,8245.0,Backend про,ПРО,2026-08-08,False,1,False
40,265,2026-08-08 16:25:28,1,5990.0,ML старт,СТАРТ,2026-08-08,False,1,False
41,8,2026-08-08 16:25:39,2,8990.0,АВ тестам + Алгоритмы,Другое,2026-08-08,True,1,False
42,33,2026-08-08 16:26:36,2,9990.0,Backend старт + Алгоритмы старт,СТАРТ,2026-08-08,True,1,False
43,512,2026-08-08 16:43:12,1,4995.0,Алгоритмы старт,СТАРТ,2026-08-08,False,1,False
44,410,2026-08-08 16:51:05,1,6490.0,Backend старт,СТАРТ,2026-08-08,False,1,False
45,516,2026-08-08 16:59:49,2,9900.0,Алгоритмы старт + Аналитика старт,СТАРТ,2026-08-08,True,1,False
46,511,2026-08-08 17:29:42,1,4950.0,Аналитика старт,СТАРТ,2026-08-08,False,1,False
47,256,2026-08-08 17:54:37,1,5990.0,ML старт,СТАРТ,2026-08-08,False,1,False
48,333,2026-08-08 18:25:13,1,6490.0,Аналитика старт,СТАРТ,2026-08-08,False,1,False
49,233,2026-08-08 18:51:08,1,6490.0,Аналитика старт,СТАРТ,2026-08-08,False,1,False
50,427,2026-08-08 19:23:46,2,9900.0,ML старт + Алгоритмы,Другое/СТАРТ,2026-08-08,True,1,False
51,120,2026-08-08 19:28:26,1,6490.0,Аналитика старт,СТАРТ,2026-08-08,False,1,False
52,469,2026-08-08 19:45:24,1,4950.0,Алгоритмы,Другое,2026-08-08,False,1,False
53,161,2026-08-08 19:49:42,2,9990.0,Backend старт + Алгоритмы старт,СТАРТ,2026-08-08,True,1,False
54,320,2026-08-08 19:54:31,2,9990.0,Алгоритмы старт + Аналитика старт,СТАРТ,2026-08-08,True,1,False
55,135,2026-08-08 20:00:19,2,9990.0,ML старт + Алгоритмы старт,СТАРТ,2026-08-08,True,1,False
56,73,2026-08-08 20:05:40,1,4995.0,Алгоритмы старт,СТАРТ,2026-08-08,False,1,False
57,227,2026-08-08 20:08:33,2,9450.0,ML старт + Алгоритмы старт,СТАРТ,2026-08-08,True,1,False
58,507,2026-08-08 20:12:46,1,6490.0,ML старт,СТАРТ,2026-08-08,False,1,False
59,421,2026-08-08 20:25:37,2,9990.0,Data Engenering + Алгоритмы,Другое,2026-08-08,True,1,False
60,401,2026-08-08 22:16:55,1,8245.0,Backend про,ПРО,2026-08-08,False,1,False
61,160,2026-08-09 02:39:44,1,4995.0,Аналитика старт,СТАРТ,2026-08-09,False,1,False
62,32,2026-08-09 04:36:11,1,6490.0,ML старт,СТАРТ,2026-08-09,False,1,False
63,415,2026-08-09 04:51:42,1,4995.0,Backend старт,СТАРТ,2026-08-09,False,1,False
64,167,2026-08-09 09:07:16,2,9900.0,ML старт + Алгоритмы старт,СТАРТ,2026-08-09,True,1,False
65,262,2026-08-09 09:10:55,1,6490.0,Backend про,ПРО,2026-08-09,False,1,False
66,570,2026-08-09 09:24:57,2,9990.0,Алгоритмы старт + Аналитика старт,СТАРТ,2026-08-09,True,1,False
67,520,2026-08-09 09:27:27,1,6490.0,Аналитика старт,СТАРТ,2026-08-09,False,1,False
68,598,2026-08-09 09:43:34,2,9900.0,Backend старт + Алгоритмы,Другое/СТАРТ,2026-08-09,True,1,False
69,279,2026-08-09 09:48:26,1,6490.0,Аналитика старт,СТАРТ,2026-08-09,False,1,False
70,207,2026-08-09 10:15:38,1,6490.0,Алгоритмы старт,СТАРТ,2026-08-09,False,1,False
71,457,2026-08-09 10:16:31,1,6490.0,Алгоритмы старт,СТАРТ,2026-08-09,False,1,False
72,389,2026-08-09 10:18:12,2,9900.0,ML старт + Алгоритмы старт,СТАРТ,2026-08-09,True,1,False
73,89,2026-08-09 10:44:19,1,9900.0,Алгоритмы,Другое,2026-08-09,False,1,False
74,232,2026-08-09 10:47:20,1,6490.0,Аналитика старт,СТАРТ,2026-08-09,False,1,False
75,527,2026-08-09 10:49:47,2,9900.0,ML старт + Алгоритмы старт,СТАРТ,2026-08-09,True,1,False
76,129,2026-08-09 10:56:45,1,6490.0,Аналитика старт,СТАРТ,2026-08-09,False,1,False
77,19,2026-08-09 11:01:50,2,9900.0,Алгоритмы старт + Аналитика старт,СТАРТ,2026-08-09,True,1,False
78,38,2026-08-09 12:15:31,1,6490.0,Аналитика старт,СТАРТ,2026-08-09,False,1,False
79,206,2026-08-09 13:00:12,2,9990.0,Backend старт + Алгоритмы,Другое/СТАРТ,2026-08-09,True,1,False
80,356,2026-08-09 13:48:05,1,6950.0,Backend старт,СТАРТ,2026-08-09,False,1,False
81,336,2026-08-09 13:48:41,2,9900.0,ML старт + Алгоритмы старт,СТАРТ,2026-08-09,True,1,False
82,53,2026-08-09 13:57:35,1,4950.0,ML старт,СТАРТ,2026-08-09,False,1,False
83,543,2026-08-09 14:01:24,1,4950.0,Алгоритмы старт,СТАРТ,2026-08-09,False,1,False
84,476,2026-08-09 14:14:07,2,8900.0,ML старт + Алгоритмы старт,СТАРТ,2026-08-09,True,1,False
85,64,2026-08-09 14:45:05,1,4995.0,Алгоритмы,Другое,2026-08-09,False,1,False
86,335,2026-08-09 16:07:42,2,9900.0,ML старт + Алгоритмы старт,СТАРТ,2026-08-09,True,1,False
87,400,2026-08-09 16:12:09,1,6490.0,Алгоритмы старт,СТАРТ,2026-08-09,False,1,False
88,58,2026-08-09 16:12:46,3,16390.0,Backend старт + ML старт + Алгоритмы старт,СТАРТ,2026-08-09,True,1,False
89,435,2026-08-09 16:13:53,2,9900.0,Аналитика про + Аналитика старт,ПРО/СТАРТ,2026-08-09,True,1,False
90,365,2026-08-09 16:15:08,1,6490.0,ML старт,СТАРТ,2026-08-09,False,1,False
91,286,2026-08-09 16:16:39,1,6490.0,Аналитика старт,СТАРТ,2026-08-09,False,1,False
92,96,2026-08-09 16:21:43,1,6490.0,Аналитика старт,СТАРТ,2026-08-09,False,1,False
93,321,2026-08-09 16:24:15,1,6490.0,ML старт,СТАРТ,2026-08-09,False,1,False
94,550,2026-08-09 16:24:42,1,5463.34,Алгоритмы старт,СТАРТ,2026-08-09,False,1,False
95,577,2026-08-09 16:26:30,1,5463.33,Backend старт,СТАРТ,2026-08-09,False,1,False
96,176,2026-08-09 16:29:58,1,6490.0,Алгоритмы,Другое,2026-08-09,False,1,False
97,331,2026-08-09 16:31:09,2,9990.0,Алгоритмы старт + Аналитика старт,СТАРТ,2026-08-09,True,1,False
98,138,2026-08-09 16:33:22,1,6490.0,ML старт,СТАРТ,2026-08-09,False,1,False
99,40,2026-08-09 16:36:02,1,6490.0,Аналитика старт,СТАРТ,2026-08-09,False,1,False
100,488,2026-08-09 16:36:09,1,19350.0,Алгоритмы,Другое,2026-08-09,False,1,False
101,462,2026-08-09 16:45:22,1,500.0,Алгоритмы старт,СТАРТ,2026-08-09,False,1,False
102,329,2026-08-09 16:51:47,1,6490.0,Алгоритмы старт,СТАРТ,2026-08-09,False,1,False
103,12,2026-08-09 16:52:01,1,6490.0,Backend старт,СТАРТ,2026-08-09,False,1,False
104,371,2026-08-09 17:17:09,2,9900.0,ML старт + Алгоритмы старт,СТАРТ,2026-08-09,True,1,False
105,380,2026-08-09 17:19:11,1,6490.0,ML старт,СТАРТ,2026-08-09,False,1,False
106,184,2026-08-09 17:20:07,1,4950.0,Алгоритмы старт,СТАРТ,2026-08-09,False,1,False
107,470,2026-08-09 17:24:05,2,9900.0,ML старт + Алгоритмы,Другое/СТАРТ,2026-08-09,True,1,False
108,319,2026-08-09 17:25:06,1,4950.0,ML старт,СТАРТ,2026-08-09,False,1,False
109,402,2026-08-09 17:25:40,2,9990.0,ML старт + Алгоритмы старт,СТАРТ,2026-08-09,True,1,False
110,563,2026-08-09 17:28:24,1,6490.0,Аналитика старт,СТАРТ,2026-08-09,False,1,False
111,597,2026-08-09 18:00:04,1,5990.0,ML старт,СТАРТ,2026-08-09,False,1,False
112,589,2026-08-09 18:06:31,1,5990.0,Алгоритмы старт,СТАРТ,2026-08-09,False,1,False
113,65,2026-08-09 18:45:20,1,6490.0,Аналитика старт,СТАРТ,2026-08-09,False,1,False
114,103,2026-08-09 18:46:42,1,6490.0,Аналитика старт,СТАРТ,2026-08-09,False,1,False
115,62,2026-08-09 18:47:09,2,9990.0,Backend старт + Алгоритмы старт,СТАРТ,2026-08-09,True,1,False
116,187,2026-08-09 18:48:05,2,8990.0,Алгоритмы старт + Аналитика старт,СТАРТ,2026-08-09,True,1,False
117,369,2026-08-09 18:53:23,1,4495.0,Алгоритмы старт,СТАРТ,2026-08-09,False,1,False
118,282,2026-08-09 18:55:57,1,8745.0,ML про,ПРО,2026-08-09,False,1,False
119,323,2026-08-09 18:56:09,2,9990.0,Backend старт + Алгоритмы,Другое/СТАРТ,2026-08-09,True,1,False
120,382,2026-08-09 18:58:42,2,8900.0,ML старт + Алгоритмы старт,СТАРТ,2026-08-09,True,1,False
121,228,2026-08-09 19:02:28,1,6450.0,Data Science,Другое,2026-08-09,False,1,False
122,84,2026-08-09 19:07:32,1,6490.0,Backend старт,СТАРТ,2026-08-09,False,1,False
123,374,2026-08-09 19:11:48,1,6450.0,Data Science,Другое,2026-08-09,False,1,False
124,63,2026-08-09 19:29:08,2,12900.0,Data Engenering + Data Science,Другое,2026-08-09,True,1,False
125,433,2026-08-09 19:40:37,2,9900.0,ML старт + Алгоритмы старт,СТАРТ,2026-08-09,True,1,False
126,439,2026-08-09 20:20:29,1,6490.0,Backend старт,СТАРТ,2026-08-09,False,1,False
127,223,2026-08-09 20:27:29,1,6490.0,Алгоритмы старт,СТАРТ,2026-08-09,False,1,False
128,508,2026-08-09 21:33:27,2,9900.0,Backend старт + Алгоритмы старт,СТАРТ,2026-08-09,True,1,False
129,478,2026-08-10 00:13:55,1,6450.0,Data Engenering,Другое,2026-08-10,False,1,False
130,57,2026-08-10 00:14:10,1,4950.0,ML старт,СТАРТ,2026-08-10,False,1,False
131,445,2026-08-10 00:36:19,1,4950.0,Аналитика про,ПРО,2026-08-10,False,1,False
132,93,2026-08-10 05:56:12,1,6950.0,К ВУЗу,Другое,2026-08-10,False,1,False
133,186,2026-08-10 06:13:10,1,4950.0,Алгоритмы старт,СТАРТ,2026-08-10,False,1,False
134,544,2026-08-10 06:26:01,1,4995.0,Алгоритмы,Другое,2026-08-10,False,1,False
135,83,2026-08-10 07:52:44,1,6490.0,Аналитика старт,СТАРТ,2026-08-10,False,1,False
136,152,2026-08-10 08:42:13,1,6490.0,ML старт,СТАРТ,2026-08-10,False,1,False
137,446,2026-08-10 09:02:50,1,6950.0,Data Engenering,Другое,2026-08-10,False,1,False
138,106,2026-08-10 10:53:02,2,9900.0,Backend старт + Алгоритмы старт,СТАРТ,2026-08-10,True,1,False
139,158,2026-08-10 12:37:30,2,9400.0,Backend старт + Алгоритмы,Другое/СТАРТ,2026-08-10,True,1,False
140,164,2026-08-10 13:08:15,1,8745.0,ML старт,СТАРТ,2026-08-10,False,1,False
141,500,2026-08-10 13:21:01,1,6490.0,Аналитика старт,СТАРТ,2026-08-10,False,1,False
142,467,2026-08-10 13:55:50,1,6490.0,Аналитика старт,СТАРТ,2026-08-10,False,1,False
143,217,2026-08-10 14:24:20,1,6950.0,К ВУЗу,Другое,2026-08-10,False,1,False
144,258,2026-08-10 15:03:03,1,6490.0,Алгоритмы,Другое,2026-08-10,False,1,False
145,408,2026-08-10 15:22:41,1,6490.0,Аналитика старт,СТАРТ,2026-08-10,False,1,False
146,584,2026-08-10 15:33:39,1,6490.0,Алгоритмы старт,СТАРТ,2026-08-10,False,1,False
147,519,2026-08-10 16:09:27,3,14850.0,Алгоритмы старт + Аналитика про + Аналитика старт,ПРО/СТАРТ,2026-08-10,True,1,False
148,86,2026-08-10 16:16:30,1,4950.0,Алгоритмы старт,СТАРТ,2026-08-10,False,1,False
149,21,2026-08-10 16:29:36,2,9900.0,Алгоритмы старт + Аналитика старт,СТАРТ,2026-08-10,True,1,False
150,16,2026-08-10 16:56:42,2,9900.0,ML старт + Алгоритмы старт,СТАРТ,2026-08-10,True,1,False
151,67,2026-08-10 18:01:06,1,6490.0,Аналитика старт,СТАРТ,2026-08-10,False,1,False
152,498,2026-08-10 18:10:53,2,9000.0,Аналитика про + Аналитика старт,ПРО/СТАРТ,2026-08-10,True,1,False
153,52,2026-08-10 18:12:59,1,6450.0,К ВУЗу,Другое,2026-08-10,False,1,False
154,464,2026-08-10 18:30:49,1,4500.0,Аналитика старт,СТАРТ,2026-08-10,False,1,False
155,606,2026-08-10 18:36:00,1,6450.0,К ВУЗу,Другое,2026-08-10,False,1,False
156,546,2026-08-10 19:07:51,1,6490.0,Аналитика старт,СТАРТ,2026-08-10,False,1,False
157,389,2026-08-10 19:12:23,1,5990.0,Аналитика старт,СТАРТ,2026-08-10,False,2,True
158,588,2026-08-11 02:43:57,1,6450.0,К ВУЗу,Другое,2026-08-11,False,1,False
159,173,2026-08-11 07:48:36,2,9900.0,ML старт + Алгоритмы старт,СТАРТ,2026-08-11,True,1,False
160,417,2026-08-11 10:51:54,1,6950.0,К ВУЗу,Другое,2026-08-11,False,1,False
161,281,2026-08-11 12:02:08,1,4950.0,ML старт,СТАРТ,2026-08-11,False,1,False
162,339,2026-08-11 12:22:26,1,6450.0,К ВУЗу,Другое,2026-08-11,False,1,False
163,82,2026-08-11 12:46:14,2,6490.0,Аналитика про + Аналитика старт,ПРО/СТАРТ,2026-08-11,True,1,False
164,142,2026-08-11 15:49:13,1,6490.0,Аналитика старт,СТАРТ,2026-08-11,False,1,False
165,304,2026-08-11 15:52:40,1,6950.0,К ВУЗу,Другое,2026-08-11,False,1,False
166,311,2026-08-11 16:15:41,2,9900.0,ML старт + Алгоритмы старт,СТАРТ,2026-08-11,True,1,False
167,453,2026-08-11 17:07:53,1,4950.0,Алгоритмы старт,СТАРТ,2026-08-11,False,1,False
168,505,2026-08-11 18:00:05,2,9900.0,ML старт + Алгоритмы старт,СТАРТ,2026-08-11,True,1,False
169,112,2026-08-11 18:41:42,2,16950.0,ML про + ML старт,ПРО/СТАРТ,2026-08-11,True,1,False
170,179,2026-08-12 02:06:02,1,6490.0,Аналитика старт,СТАРТ,2026-08-12,False,1,False
171,537,2026-08-12 04:49:43,2,9900.0,ML старт + Алгоритмы старт,СТАРТ,2026-08-12,True,1,False
172,46,2026-08-12 05:13:04,1,6450.0,К ВУЗу,Другое,2026-08-12,False,1,False
173,260,2026-08-12 05:32:11,2,9900.0,Алгоритмы + Алгоритмы про,Другое/ПРО,2026-08-12,True,1,False
174,234,2026-08-12 06:04:03,1,4950.0,ML старт,СТАРТ,2026-08-12,False,1,False
175,332,2026-08-12 06:44:05,1,9900.0,ML старт,СТАРТ,2026-08-12,False,1,False
176,41,2026-08-12 10:22:39,1,6500.0,ML старт,СТАРТ,2026-08-12,False,1,False
177,536,2026-08-12 12:22:52,2,16950.0,Аналитика про + Аналитика старт,ПРО/СТАРТ,2026-08-12,True,1,False
178,460,2026-08-12 13:12:40,1,8745.0,Аналитика старт,СТАРТ,2026-08-12,False,1,False
179,388,2026-08-12 13:28:18,1,7000.0,ML старт,СТАРТ,2026-08-12,False,1,False
180,521,2026-08-12 14:21:51,1,6450.0,К ВУЗу,Другое,2026-08-12,False,1,False
181,586,2026-08-12 17:45:53,1,8745.0,Аналитика старт,СТАРТ,2026-08-12,False,1,False
182,170,2026-08-12 17:51:00,1,6000.0,ML старт,СТАРТ,2026-08-12,False,1,False
183,348,2026-08-12 19:17:21,1,6950.0,К ВУЗу,Другое,2026-08-12,False,1,False
184,364,2026-08-13 00:01:02,1,8475.0,Аналитика про,ПРО,2026-08-13,False,1,False
185,66,2026-08-13 05:36:55,1,8745.0,Алгоритмы старт,СТАРТ,2026-08-13,False,1,False
186,426,2026-08-13 09:26:22,1,6000.0,ML старт,СТАРТ,2026-08-13,False,1,False
187,342,2026-08-13 09:48:34,1,9950.0,Теория вероятностей,Другое,2026-08-13,False,1,False
188,275,2026-08-13 09:51:23,1,8745.0,Алгоритмы старт,СТАРТ,2026-08-13,False,1,False
189,132,2026-08-13 11:39:13,1,8745.0,Аналитика про,ПРО,2026-08-13,False,1,False
190,175,2026-08-13 16:14:01,1,9950.0,Теория вероятностей,Другое,2026-08-13,False,1,False
191,153,2026-08-13 18:30:59,1,5750.0,Алгоритмы,Другое,2026-08-13,False,1,False
192,208,2026-08-13 19:25:17,1,6450.0,К ВУЗу,Другое,2026-08-13,False,1,False
193,79,2026-08-14 04:09:52,1,9950.0,Теория вероятностей,Другое,2026-08-14,False,1,False
194,229,2026-08-14 04:19:44,1,9950.0,Теория вероятностей,Другое,2026-08-14,False,1,False
195,474,2026-08-14 07:16:32,1,6950.0,К ВУЗу,Другое,2026-08-14,False,1,False
196,45,2026-08-14 10:04:52,1,5750.0,Алгоритмы,Другое,2026-08-14,False,1,False
197,442,2026-08-14 11:21:45,1,6950.0,К ВУЗу,Другое,2026-08-14,False,1,False
198,316,2026-08-14 12:59:02,1,4495.0,АВ тестам,Другое,2026-08-14,False,1,False
199,448,2026-08-14 14:23:30,2,16950.0,ML про + ML старт,ПРО/СТАРТ,2026-08-14,True,1,False
200,391,2026-08-14 18:55:11,1,8745.0,Алгоритмы старт,СТАРТ,2026-08-14,False,1,False
201,420,2026-08-14 20:17:00,1,6950.0,К ВУЗу,Другое,2026-08-14,False,1,False
202,276,2026-08-15 12:43:23,2,5750.0,ML старт + Алгоритмы старт,СТАРТ,2026-08-15,True,1,False
203,162,2026-08-15 12:51:04,1,6950.0,К ВУЗу,Другое,2026-08-15,False,1,False
204,130,2026-08-15 14:59:16,1,9950.0,Алгоритмы,Другое,2026-08-15,False,1,False
205,482,2026-08-15 16:30:16,2,16950.0,ML старт + Алгоритмы,Другое/СТАРТ,2026-08-15,True,1,False
206,484,2026-08-15 19:17:47,1,8745.0,Аналитика старт,СТАРТ,2026-08-15,False,1,False
207,564,2026-08-16 04:38:14,1,8745.0,Аналитика старт,СТАРТ,2026-08-16,False,1,False
208,479,2026-08-16 09:40:02,1,8745.0,Аналитика старт,СТАРТ,2026-08-16,False,1,False
209,441,2026-08-16 09:40:30,1,8745.0,Алгоритмы старт,СТАРТ,2026-08-16,False,1,False
210,133,2026-08-16 09:59:37,2,9900.0,Аналитика про + Аналитика старт,ПРО/СТАРТ,2026-08-16,True,1,False
211,143,2026-08-16 13:21:36,1,6950.0,К ВУЗу,Другое,2026-08-16,False,1,False
212,361,2026-08-17 10:53:42,2,17490.0,ML старт + Алгоритмы старт,СТАРТ,2026-08-17,True,1,False
213,522,2026-08-17 16:24:17,1,6950.0,К ВУЗу,Другое,2026-08-17,False,1,False
214,562,2026-08-17 22:34:23,1,8745.0,ML старт,СТАРТ,2026-08-17,False,1,False
215,346,2026-08-18 10:15:05,1,8745.0,ML старт,СТАРТ,2026-08-18,False,1,False
216,477,2026-08-18 15:06:11,1,9450.0,Линейная алгебра,Другое,2026-08-18,False,2,True
217,603,2026-08-18 16:34:39,1,8745.0,Аналитика старт,СТАРТ,2026-08-18,False,1,False
218,75,2026-08-18 18:53:33,2,16950.0,Аналитика про + Аналитика старт,ПРО/СТАРТ,2026-08-18,True,1,False
219,70,2026-08-18 19:10:04,1,8475.0,Аналитика старт,СТАРТ,2026-08-18,False,1,False
220,413,2026-08-18 19:40:47,1,8745.0,Аналитика старт,СТАРТ,2026-08-18,False,1,False
221,468,2026-08-19 07:10:12,1,9450.0,Линейная алгебра,Другое,2026-08-19,False,1,False
222,287,2026-08-19 07:46:07,1,6950.0,Data Science,Другое,2026-08-19,False,1,False
223,575,2026-08-19 09:21:46,3,24735.0,Алгоритмы старт + Аналитика про + Аналитика старт,ПРО/СТАРТ,2026-08-19,True,1,False
224,386,2026-08-19 13:53:46,1,7000.0,Backend про,ПРО,2026-08-19,False,1,False
225,592,2026-08-19 20:38:02,1,8245.0,Алгоритмы старт,СТАРТ,2026-08-19,False,1,False
226,351,2026-08-20 11:12:25,1,9450.0,Линейная алгебра,Другое,2026-08-20,False,1,False
227,392,2026-08-20 13:14:17,1,8745.0,Аналитика старт,СТАРТ,2026-08-20,False,1,False
228,501,2026-08-20 14:06:32,1,8745.0,ML старт,СТАРТ,2026-08-20,False,1,False
229,492,2026-08-20 14:21:52,1,9950.0,Теория вероятностей,Другое,2026-08-20,False,1,False
230,146,2026-08-20 16:27:30,1,6950.0,К ВУЗу,Другое,2026-08-20,False,1,False
231,101,2026-08-20 17:34:00,1,8745.0,Алгоритмы старт,СТАРТ,2026-08-20,False,1,False
232,199,2026-08-21 09:02:18,1,9950.0,Мат анализ,Другое,2026-08-21,False,1,False
233,578,2026-08-21 12:29:55,1,8245.0,Аналитика про,ПРО,2026-08-21,False,1,False
234,92,2026-08-21 15:14:39,1,9950.0,Линейная алгебра,Другое,2026-08-21,False,1,False
235,69,2026-08-22 04:22:43,1,6950.0,К ВУЗу,Другое,2026-08-22,False,1,False
236,437,2026-08-22 08:23:59,1,8950.0,AI агенты,ПРО,2026-08-22,False,3,True
237,218,2026-08-22 09:03:23,2,16950.0,Backend про + Алгоритмы про,ПРО,2026-08-22,True,1,False
238,156,2026-08-22 10:54:14,2,14950.0,Алгоритмы про + Алгоритмы старт,ПРО/СТАРТ,2026-08-22,True,1,False
239,211,2026-08-22 11:08:24,2,14950.0,AI агенты + ML про,ПРО,2026-08-22,True,1,False
240,370,2026-08-22 11:14:12,1,5750.0,Backend про,ПРО,2026-08-22,False,2,True
241,277,2026-08-22 11:24:53,1,5750.0,Backend про,ПРО,2026-08-22,False,1,False
242,293,2026-08-22 11:35:35,1,8950.0,Backend про,ПРО,2026-08-22,False,1,False
243,353,2026-08-22 11:39:22,1,8950.0,Аналитика старт,СТАРТ,2026-08-22,False,1,False
244,458,2026-08-22 11:58:37,1,8450.0,Backend про,ПРО,2026-08-22,False,1,False
245,87,2026-08-22 13:23:20,1,7475.0,Алгоритмы про,ПРО,2026-08-22,False,1,False
246,248,2026-08-22 13:43:42,1,7475.0,ML про,ПРО,2026-08-22,False,1,False
247,496,2026-08-22 15:01:37,1,8950.0,ML старт,СТАРТ,2026-08-22,False,1,False
248,372,2026-08-22 15:11:44,1,7450.0,AI агенты,ПРО,2026-08-22,False,1,False
249,525,2026-08-22 15:39:49,1,8950.0,Аналитика старт,СТАРТ,2026-08-22,False,1,False
250,600,2026-08-22 15:48:13,1,7450.0,AI агенты,ПРО,2026-08-22,False,1,False
251,485,2026-08-22 16:02:00,1,8450.0,Аналитика про,ПРО,2026-08-22,False,1,False
252,5,2026-08-22 16:19:00,1,5750.0,ML про,ПРО,2026-08-22,False,1,False
253,595,2026-08-22 16:55:59,2,14950.0,AI агенты + ML про,ПРО,2026-08-22,True,1,False
254,17,2026-08-22 17:01:20,1,9950.0,Алгоритмы,Другое,2026-08-22,False,1,False
255,297,2026-08-22 17:26:07,1,8450.0,Алгоритмы,Другое,2026-08-22,False,1,False
256,240,2026-08-22 18:00:15,1,6450.0,Алгоритмы про,ПРО,2026-08-22,False,1,False
257,373,2026-08-22 18:58:36,2,14950.0,Алгоритмы про + Алгоритмы старт,ПРО/СТАРТ,2026-08-22,True,1,False
258,220,2026-08-22 19:19:35,1,9950.0,Линейная алгебра,Другое,2026-08-22,False,1,False
259,200,2026-08-22 19:40:16,2,14950.0,Аналитика про + Аналитика старт,ПРО/СТАРТ,2026-08-22,True,1,False
260,263,2026-08-22 19:53:10,1,8950.0,ML про,ПРО,2026-08-22,False,1,False
261,559,2026-08-23 04:11:37,1,8450.0,Алгоритмы,Другое,2026-08-23,False,1,False
262,338,2026-08-23 06:47:37,2,14950.0,Аналитика про + Аналитика старт,ПРО/СТАРТ,2026-08-23,True,1,False
263,209,2026-08-23 06:58:29,1,8950.0,Backend про,ПРО,2026-08-23,False,1,False
264,221,2026-08-23 07:41:37,2,14950.0,Аналитика про + Аналитика старт,ПРО/СТАРТ,2026-08-23,True,1,False
265,118,2026-08-23 08:24:45,1,8450.0,Backend про,ПРО,2026-08-23,False,1,False
266,514,2026-08-23 09:48:08,1,8950.0,ML старт,СТАРТ,2026-08-23,False,1,False
267,312,2026-08-23 09:59:13,1,7475.0,Аналитика про,ПРО,2026-08-23,False,1,False
268,30,2026-08-23 10:06:51,1,8950.0,ML про,ПРО,2026-08-23,False,1,False
269,581,2026-08-23 11:19:47,1,8950.0,ML про,ПРО,2026-08-23,False,1,False
270,341,2026-08-23 11:59:04,1,8950.0,ML про,ПРО,2026-08-23,False,1,False
271,237,2026-08-23 13:29:45,1,8950.0,AI агенты,ПРО,2026-08-23,False,1,False
272,447,2026-08-23 13:46:56,1,8450.0,Backend про,ПРО,2026-08-23,False,1,False
273,98,2026-08-23 14:14:48,2,14950.0,Аналитика про + Аналитика старт,ПРО/СТАРТ,2026-08-23,True,1,False
274,580,2026-08-23 14:38:29,1,8950.0,AI агенты,ПРО,2026-08-23,False,1,False
275,71,2026-08-23 14:57:08,1,8450.0,Алгоритмы,Другое,2026-08-23,False,1,False
276,436,2026-08-23 15:04:52,1,8450.0,Алгоритмы про,ПРО,2026-08-23,False,1,False
277,229,2026-08-23 15:38:51,1,8450.0,AI агенты,ПРО,2026-08-23,False,2,True
278,307,2026-08-23 15:39:57,1,8450.0,Аналитика про,ПРО,2026-08-23,False,1,False
279,235,2026-08-23 16:04:24,1,8450.0,AI агенты,ПРО,2026-08-23,False,1,False
280,430,2026-08-23 16:17:56,1,8000.0,К ВУЗу,Другое,2026-08-23,False,2,True
281,172,2026-08-23 16:29:57,1,8950.0,AI агенты,ПРО,2026-08-23,False,1,False
282,315,2026-08-23 16:40:25,2,14950.0,AI агенты + Backend про,ПРО,2026-08-23,True,1,False
283,149,2026-08-23 16:50:14,1,8950.0,ML про,ПРО,2026-08-23,False,1,False
284,290,2026-08-23 16:53:02,1,7475.0,Аналитика старт,СТАРТ,2026-08-23,False,1,False
285,557,2026-08-23 16:56:11,1,8950.0,ML про,ПРО,2026-08-23,False,1,False
286,513,2026-08-23 17:34:10,2,13950.0,AI агенты + Алгоритмы про,ПРО,2026-08-23,True,1,False
287,424,2026-08-23 17:45:31,2,14950.0,AI агенты + Аналитика про,ПРО,2026-08-23,True,1,False
288,216,2026-08-23 18:13:18,1,7475.0,AI агенты,ПРО,2026-08-23,False,1,False
289,367,2026-08-23 18:18:15,1,8245.0,Аналитика старт,СТАРТ,2026-08-23,False,1,False
290,542,2026-08-23 18:26:56,1,8950.0,Backend старт,СТАРТ,2026-08-23,False,1,False
291,107,2026-08-23 18:28:17,2,13950.0,AI агенты + Аналитика про,ПРО,2026-08-23,True,1,False
292,298,2026-08-23 18:48:14,1,6975.0,Аналитика про,ПРО,2026-08-23,False,1,False
293,95,2026-08-23 19:08:11,2,14950.0,AI агенты + Аналитика про,ПРО,2026-08-23,True,1,False
294,203,2026-08-23 20:42:20,2,14950.0,AI агенты + Аналитика про,ПРО,2026-08-23,True,1,False
295,539,2026-08-23 20:55:41,1,8950.0,AI агенты,ПРО,2026-08-23,False,1,False
296,257,2026-08-23 20:56:06,1,8450.0,Backend про,ПРО,2026-08-23,False,1,False
297,360,2026-08-23 20:57:22,1,8950.0,AI агенты,ПРО,2026-08-23,False,1,False
298,213,2026-08-23 20:58:38,1,8950.0,Аналитика про,ПРО,2026-08-23,False,1,False
299,104,2026-08-23 21:00:30,2,14950.0,AI агенты + ML про,ПРО,2026-08-23,True,1,False
300,91,2026-08-24 00:44:40,1,8950.0,ML старт,СТАРТ,2026-08-24,False,1,False
301,357,2026-08-24 02:46:33,1,9950.0,Теория вероятностей,Другое,2026-08-24,False,1,False
302,440,2026-08-24 03:20:05,1,7475.0,ML про,ПРО,2026-08-24,False,1,False
303,215,2026-08-24 03:22:36,1,6975.0,Алгоритмы про,ПРО,2026-08-24,False,1,False
304,549,2026-08-24 05:25:17,2,16445.0,AI агенты + Backend про,ПРО,2026-08-24,True,1,False
305,425,2026-08-24 07:03:39,1,8503.0,AI агенты,ПРО,2026-08-24,False,1,False
306,489,2026-08-24 08:47:25,1,8850.0,ML старт,СТАРТ,2026-08-24,False,1,False
307,243,2026-08-24 10:40:35,1,8950.0,AI агенты,ПРО,2026-08-24,False,1,False
308,268,2026-08-24 12:52:49,1,8950.0,AI агенты,ПРО,2026-08-24,False,1,False
309,529,2026-08-24 13:11:03,2,14950.0,Алгоритмы про + Алгоритмы старт,ПРО/СТАРТ,2026-08-24,True,1,False
310,368,2026-08-24 14:21:10,1,8950.0,Аналитика про,ПРО,2026-08-24,False,1,False
311,141,2026-08-24 14:48:12,1,7475.0,Алгоритмы старт,СТАРТ,2026-08-24,False,1,False
312,192,2026-08-24 15:05:04,2,14950.0,AI агенты + ML про,ПРО,2026-08-24,True,1,False
313,475,2026-08-24 15:16:31,1,9950.0,Линейная алгебра,Другое,2026-08-24,False,1,False
314,85,2026-08-24 15:57:32,1,8950.0,Аналитика про,ПРО,2026-08-24,False,1,False
315,194,2026-08-24 16:25:21,1,8950.0,Алгоритмы старт,СТАРТ,2026-08-24,False,1,False
316,111,2026-08-24 16:49:26,1,8950.0,Аналитика про,ПРО,2026-08-24,False,1,False
317,299,2026-08-24 16:58:19,1,8950.0,Аналитика про,ПРО,2026-08-24,False,1,False
318,201,2026-08-24 17:28:20,1,6950.0,Data Science,Другое,2026-08-24,False,1,False
319,263,2026-08-25 03:19:38,1,6000.0,AI агенты,ПРО,2026-08-25,False,2,True
320,583,2026-08-25 04:27:38,1,8950.0,AI агенты,ПРО,2026-08-25,False,1,False
321,168,2026-08-25 06:26:04,2,14950.0,AI агенты + ML про,ПРО,2026-08-25,True,1,False
322,165,2026-08-25 07:21:38,1,8450.0,Аналитика про,ПРО,2026-08-25,False,1,False
323,455,2026-08-25 07:53:50,1,8950.0,Backend старт,СТАРТ,2026-08-25,False,1,False
324,148,2026-08-25 09:49:25,1,7475.0,AI агенты,ПРО,2026-08-25,False,1,False
325,116,2026-08-25 10:01:02,2,14950.0,АВ тестам + Аналитика про,Другое/ПРО,2026-08-25,True,1,False
326,121,2026-08-25 11:38:56,1,8950.0,AI агенты,ПРО,2026-08-25,False,1,False
327,138,2026-08-25 12:39:08,1,5750.0,ML про,ПРО,2026-08-25,False,2,True
328,463,2026-08-25 13:16:31,1,8950.0,ML про,ПРО,2026-08-25,False,1,False
329,560,2026-08-25 14:09:51,1,8950.0,AI агенты,ПРО,2026-08-25,False,1,False
330,140,2026-08-25 16:01:50,1,8450.0,Аналитика старт,СТАРТ,2026-08-25,False,1,False
331,202,2026-08-25 19:24:14,2,14950.0,AI агенты + Backend про,ПРО,2026-08-25,True,1,False
332,452,2026-08-25 21:09:34,1,8450.0,AI агенты,ПРО,2026-08-25,False,1,False
333,269,2026-08-25 22:26:03,1,7475.0,Backend про,ПРО,2026-08-25,False,1,False
334,163,2026-08-26 01:23:32,1,8450.0,AI агенты,ПРО,2026-08-26,False,1,False
335,418,2026-08-26 04:03:43,2,14950.0,Backend про + Backend старт,ПРО/СТАРТ,2026-08-26,True,1,False
336,552,2026-08-26 04:37:12,1,7475.0,Аналитика про,ПРО,2026-08-26,False,1,False
337,605,2026-08-26 07:26:53,1,8950.0,Алгоритмы про,ПРО,2026-08-26,False,1,False
338,178,2026-08-26 09:15:13,1,8950.0,AI агенты,ПРО,2026-08-26,False,1,False
339,599,2026-08-26 12:25:10,1,8950.0,Аналитика старт,СТАРТ,2026-08-26,False,1,False
340,466,2026-08-26 13:56:39,1,8950.0,ML про,ПРО,2026-08-26,False,1,False
341,255,2026-08-26 14:52:53,1,8950.0,ML старт,СТАРТ,2026-08-26,False,1,False
342,587,2026-08-26 21:47:21,1,8450.0,AI агенты,ПРО,2026-08-26,False,1,False
343,136,2026-08-27 08:57:04,2,14950.0,AI агенты + Backend про,ПРО,2026-08-27,True,1,False
344,506,2026-08-27 12:29:06,1,8950.0,AI агенты,ПРО,2026-08-27,False,1,False
345,526,2026-08-27 13:32:56,1,8950.0,AI агенты,ПРО,2026-08-27,False,1,False
346,185,2026-08-27 14:36:47,2,13950.0,AI агенты + ML про,ПРО,2026-08-27,True,1,False
347,568,2026-08-27 15:10:07,2,14950.0,ML старт + Аналитика про,ПРО/СТАРТ,2026-08-27,True,1,False
348,191,2026-08-27 15:11:14,4,29850.0,AI агенты + Алгоритмы + Мат анализ + Теория вероятностей,Другое/ПРО,2026-08-27,True,1,False
349,39,2026-08-27 17:02:28,1,9950.0,Мат анализ,Другое,2026-08-27,False,1,False
350,61,2026-08-27 19:44:33,2,13950.0,ML про + ML старт,ПРО/СТАРТ,2026-08-27,True,1,False
351,11,2026-08-27 20:09:27,1,6975.0,ML старт,СТАРТ,2026-08-27,False,1,False
352,122,2026-08-27 20:55:44,2,14950.0,ML про + ML старт,ПРО/СТАРТ,2026-08-27,True,1,False
353,177,2026-08-28 10:47:56,1,8950.0,Аналитика старт,СТАРТ,2026-08-28,False,1,False
354,219,2026-08-28 13:23:53,1,9950.0,Мат анализ,Другое,2026-08-28,False,1,False
355,322,2026-08-28 14:03:47,2,14950.0,ML про + Алгоритмы старт,ПРО/СТАРТ,2026-08-28,True,1,False
356,289,2026-08-28 16:24:51,1,8950.0,AI агенты,ПРО,2026-08-28,False,1,False
357,29,2026-08-28 18:20:56,1,8450.0,Backend старт,СТАРТ,2026-08-28,False,1,False
358,314,2026-08-28 18:44:36,1,8950.0,Аналитика старт,СТАРТ,2026-08-28,False,1,False
359,236,2026-08-29 05:27:29,1,7475.0,ML про,ПРО,2026-08-29,False,1,False
360,340,2026-08-29 09:29:52,2,11950.0,АВ тестам + Аналитика старт,Другое/СТАРТ,2026-08-29,True,1,False
361,393,2026-08-29 09:45:18,1,9450.0,Мат анализ,Другое,2026-08-29,False,1,False
362,144,2026-08-29 11:51:08,2,8950.0,Аналитика про + Аналитика старт,ПРО/СТАРТ,2026-08-29,True,1,False
363,242,2026-08-29 13:44:52,1,8950.0,ML про,ПРО,2026-08-29,False,1,False
364,27,2026-08-29 14:47:39,1,8950.0,ML про,ПРО,2026-08-29,False,1,False
365,99,2026-08-29 19:35:36,1,8450.0,AI агенты,ПРО,2026-08-29,False,1,False
366,483,2026-08-29 19:38:52,1,8450.0,AI агенты,ПРО,2026-08-29,False,1,False
367,432,2026-08-29 19:39:58,1,8950.0,Backend про,ПРО,2026-08-29,False,1,False
368,585,2026-08-29 19:40:39,2,13950.0,AI агенты + ML про,ПРО,2026-08-29,True,1,False
369,285,2026-08-30 08:22:49,2,13950.0,AI агенты + ML про,ПРО,2026-08-30,True,1,False
370,535,2026-08-30 08:24:30,2,14950.0,Backend старт + Алгоритмы старт,СТАРТ,2026-08-30,True,1,False
371,573,2026-08-30 09:39:42,1,8950.0,AI агенты,ПРО,2026-08-30,False,1,False
372,531,2026-08-30 10:04:17,1,8950.0,Backend старт,СТАРТ,2026-08-30,False,1,False
373,432,2026-08-30 10:31:12,1,8545.0,AI агенты,ПРО,2026-08-30,False,2,True
374,411,2026-08-30 11:21:33,1,8545.0,AI агенты,ПРО,2026-08-30,False,1,False
375,284,2026-08-30 11:56:49,1,6975.0,ML про,ПРО,2026-08-30,False,1,False
376,534,2026-08-30 12:55:04,1,8450.0,AI агенты,ПРО,2026-08-30,False,1,False
377,145,2026-08-30 13:06:05,1,8950.0,Аналитика про,ПРО,2026-08-30,False,1,False
378,81,2026-08-30 13:44:26,1,8450.0,AI агенты,ПРО,2026-08-30,False,1,False
379,76,2026-08-30 14:48:44,2,13950.0,Алгоритмы про + Аналитика про,ПРО,2026-08-30,True,1,False
380,565,2026-08-30 15:30:24,2,13950.0,Алгоритмы про + Алгоритмы старт,ПРО/СТАРТ,2026-08-30,True,1,False
381,437,2026-08-30 16:16:42,1,1000.0,AI агенты,ПРО,2026-08-30,False,4,True
382,253,2026-08-30 17:04:49,1,8950.0,AI агенты,ПРО,2026-08-30,False,1,False
383,241,2026-08-30 17:07:59,1,8950.0,Backend старт,СТАРТ,2026-08-30,False,1,False
384,25,2026-08-30 18:34:15,1,8450.0,ML про,ПРО,2026-08-30,False,1,False
385,566,2026-08-30 18:45:42,1,8450.0,ML про,ПРО,2026-08-30,False,1,False
386,274,2026-08-30 23:37:30,1,6975.0,Аналитика про,ПРО,2026-08-30,False,1,False
387,14,2026-08-30 23:52:21,1,8950.0,AI агенты,ПРО,2026-08-30,False,1,False
388,90,2026-08-31 01:05:18,1,6975.0,Алгоритмы старт,СТАРТ,2026-08-31,False,1,False
389,538,2026-08-31 06:14:52,2,14950.0,Backend старт + Алгоритмы старт,СТАРТ,2026-08-31,True,1,False
390,157,2026-08-31 06:39:53,2,14950.0,AI агенты + ML про,ПРО,2026-08-31,True,1,False
391,134,2026-08-31 08:06:47,1,6975.0,Алгоритмы про,ПРО,2026-08-31,False,1,False
392,267,2026-08-31 08:26:17,1,8950.0,Аналитика про,ПРО,2026-08-31,False,1,False
393,387,2026-08-31 09:09:41,1,8545.0,AI агенты,ПРО,2026-08-31,False,1,False
394,403,2026-08-31 10:18:44,1,8950.0,Backend про,ПРО,2026-08-31,False,1,False
395,497,2026-08-31 12:11:14,1,8950.0,Backend про,ПРО,2026-08-31,False,1,False
396,26,2026-08-31 14:03:44,2,17950.0,Backend про + Дискретка,Другое/ПРО,2026-08-31,True,2,True
397,503,2026-08-31 14:40:32,2,14943.0,Аналитика про + Аналитика старт,ПРО/СТАРТ,2026-08-31,True,1,False
398,4,2026-08-31 15:42:34,1,8950.0,AI агенты,ПРО,2026-08-31,False,1,False
399,599,2026-08-31 16:05:26,1,8950.0,Аналитика про,ПРО,2026-08-31,False,2,True
400,305,2026-08-31 17:03:19,2,14950.0,Алгоритмы про + Алгоритмы старт,ПРО/СТАРТ,2026-08-31,True,1,False
401,239,2026-08-31 17:06:09,1,8450.0,Аналитика про,ПРО,2026-08-31,False,1,False
402,77,2026-08-31 17:54:30,1,8450.0,Аналитика про,ПРО,2026-08-31,False,1,False
403,171,2026-08-31 18:20:33,1,8950.0,Аналитика про,ПРО,2026-08-31,False,1,False
404,272,2026-08-31 18:34:40,1,8950.0,Аналитика про,ПРО,2026-08-31,False,1,False
405,324,2026-08-31 19:22:31,1,8450.0,AI агенты,ПРО,2026-08-31,False,1,False
406,301,2026-08-31 20:57:15,2,17950.0,ML старт + Аналитика старт,СТАРТ,2026-08-31,True,1,False
407,390,2026-09-01 02:23:30,1,8975.0,Аналитика старт,СТАРТ,2026-09-01,False,1,False
408,189,2026-09-01 07:49:46,1,8945.0,Аналитика старт,СТАРТ,2026-09-01,False,1,False
409,495,2026-09-01 10:30:21,2,14950.0,ML про + ML старт,ПРО/СТАРТ,2026-09-01,True,1,False
410,296,2026-09-01 10:46:43,1,8950.0,Аналитика старт,СТАРТ,2026-09-01,False,1,False
411,195,2026-09-01 10:54:53,1,8450.0,AI агенты,ПРО,2026-09-01,False,1,False
412,524,2026-09-01 11:54:01,1,8945.0,Аналитика про,ПРО,2026-09-01,False,1,False
413,423,2026-09-01 12:44:58,1,7475.0,ML про,ПРО,2026-09-01,False,1,False
414,115,2026-09-01 13:09:50,1,8945.0,Аналитика про,ПРО,2026-09-01,False,1,False
415,247,2026-09-01 14:59:35,2,14950.0,ML про + ML старт,ПРО/СТАРТ,2026-09-01,True,1,False
416,144,2026-09-01 15:30:39,1,8950.0,Аналитика про,ПРО,2026-09-01,False,2,True
417,547,2026-09-01 15:53:22,2,14950.0,Backend про + Алгоритмы про,ПРО,2026-09-01,True,1,False
418,226,2026-09-01 17:03:44,1,7475.0,ML старт,СТАРТ,2026-09-01,False,1,False
419,34,2026-09-01 17:23:37,1,8945.0,Аналитика про,ПРО,2026-09-01,False,1,False
420,231,2026-09-01 18:08:01,5,41225.0,Алгоритмы + Дискретка + Линейная алгебра + Мат анализ + Теория вероятностей,Другое,2026-09-01,True,1,False
421,181,2026-09-01 18:44:37,1,8950.0,Аналитика про,ПРО,2026-09-01,False,1,False
422,343,2026-09-01 19:07:54,1,8950.0,ML старт,СТАРТ,2026-09-01,False,1,False
423,114,2026-09-01 19:16:56,2,13950.0,AI агенты + ML про,ПРО,2026-09-01,True,1,False
424,88,2026-09-01 19:27:16,1,8950.0,AI агенты,ПРО,2026-09-01,False,1,False
425,139,2026-09-01 20:30:07,2,13950.0,AI агенты + ML старт,ПРО/СТАРТ,2026-09-01,True,1,False
426,37,2026-09-02 04:13:14,1,5750.0,Backend про,ПРО,2026-09-02,False,1,False
427,558,2026-09-02 08:49:58,1,8245.0,Линейная алгебра,Другое,2026-09-02,False,1,False
428,288,2026-09-02 08:57:12,1,8945.0,Аналитика про,ПРО,2026-09-02,False,1,False
429,486,2026-09-02 09:28:52,1,8950.0,Backend про,ПРО,2026-09-02,False,1,False
430,555,2026-09-02 09:38:46,2,14950.0,Алгоритмы про + Алгоритмы старт,ПРО/СТАРТ,2026-09-02,True,1,False
431,551,2026-09-02 09:58:19,1,8950.0,Backend про,ПРО,2026-09-02,False,1,False
432,419,2026-09-02 10:06:52,2,14950.0,ML про + Алгоритмы про,ПРО,2026-09-02,True,1,False
433,182,2026-09-02 10:14:11,1,8950.0,Backend про,ПРО,2026-09-02,False,1,False
434,244,2026-09-02 10:24:40,1,8950.0,Алгоритмы старт,СТАРТ,2026-09-02,False,1,False
435,50,2026-09-02 10:32:55,1,8950.0,Алгоритмы старт,СТАРТ,2026-09-02,False,1,False
436,541,2026-09-02 10:48:17,2,14950.0,Алгоритмы старт + Аналитика старт,СТАРТ,2026-09-02,True,1,False
437,523,2026-09-02 11:00:48,1,8450.0,Backend про,ПРО,2026-09-02,False,1,False
438,266,2026-09-02 11:33:22,1,10000.0,Мат анализ,Другое,2026-09-02,False,1,False
439,128,2026-09-02 11:55:47,1,8945.0,Аналитика про,ПРО,2026-09-02,False,1,False
440,385,2026-09-02 14:17:34,2,11950.0,АВ тестам + Аналитика старт,Другое/СТАРТ,2026-09-02,True,1,False
441,355,2026-09-02 14:30:26,1,8450.0,Backend про,ПРО,2026-09-02,False,1,False
442,572,2026-09-02 14:54:22,1,8945.0,Аналитика про,ПРО,2026-09-02,False,1,False
443,422,2026-09-02 15:30:05,1,9450.0,Теория вероятностей,Другое,2026-09-02,False,1,False
444,493,2026-09-02 16:44:53,1,9950.0,Линейная алгебра,Другое,2026-09-02,False,1,False
445,264,2026-09-02 18:37:57,2,8450.0,Backend про + Алгоритмы,Другое/ПРО,2026-09-02,True,1,False
446,6,2026-09-02 19:16:28,1,8450.0,Аналитика про,ПРО,2026-09-02,False,1,False
447,404,2026-09-02 19:30:00,1,7475.0,Алгоритмы про,ПРО,2026-09-02,False,1,False
448,35,2026-09-02 22:38:59,1,4225.0,Backend про,ПРО,2026-09-02,False,1,False
449,450,2026-09-03 06:06:37,1,8950.0,Backend про,ПРО,2026-09-03,False,1,False
450,504,2026-09-03 06:27:49,1,5975.0,Аналитика старт,СТАРТ,2026-09-03,False,1,False
451,273,2026-09-03 08:17:51,1,8950.0,ML про,ПРО,2026-09-03,False,1,False
452,508,2026-09-03 08:29:32,1,5750.0,Backend про,ПРО,2026-09-03,False,2,True
453,395,2026-09-03 11:18:32,1,8950.0,ML про,ПРО,2026-09-03,False,1,False
454,271,2026-09-03 12:55:50,2,14950.0,ML про + Алгоритмы про,ПРО,2026-09-03,True,1,False
455,9,2026-09-03 14:55:45,1,8950.0,Аналитика про,ПРО,2026-09-03,False,1,False
456,205,2026-09-03 15:01:50,1,8950.0,Аналитика про,ПРО,2026-09-03,False,1,False
457,230,2026-09-03 15:07:18,1,8950.0,Аналитика про,ПРО,2026-09-03,False,1,False
458,330,2026-09-03 15:10:16,2,14950.0,Аналитика про + Аналитика старт,ПРО/СТАРТ,2026-09-03,True,1,False
459,376,2026-09-03 15:43:04,1,6950.0,К ВУЗу,Другое,2026-09-03,False,1,False
460,352,2026-09-03 16:22:06,1,8450.0,Алгоритмы про,ПРО,2026-09-03,False,1,False
461,345,2026-09-03 16:33:15,1,8950.0,Аналитика про,ПРО,2026-09-03,False,1,False
462,252,2026-09-03 16:36:15,1,8950.0,Backend про,ПРО,2026-09-03,False,1,False
463,318,2026-09-03 17:23:38,1,8450.0,Аналитика про,ПРО,2026-09-03,False,1,False
464,402,2026-09-03 17:30:08,1,8450.0,ML про,ПРО,2026-09-03,False,2,True
465,594,2026-09-03 18:16:38,1,5000.0,AI агенты,ПРО,2026-09-03,False,1,False
466,561,2026-09-03 18:55:28,1,18900.0,Теория вероятностей,Другое,2026-09-03,False,1,False
467,409,2026-09-03 21:58:56,1,5000.0,AI агенты,ПРО,2026-09-03,False,1,False
468,3,2026-09-03 22:47:02,1,5975.0,АВ тестам,Другое,2026-09-03,False,1,False
469,601,2026-09-04 04:51:49,3,22425.0,AI агенты + ML про + ML старт,ПРО/СТАРТ,2026-09-04,True,1,False
470,363,2026-09-04 06:28:52,1,8945.0,Backend про,ПРО,2026-09-04,False,1,False
471,124,2026-09-04 06:34:32,1,9950.0,Линейная алгебра,Другое,2026-09-04,False,1,False
472,490,2026-09-04 10:01:44,1,8450.0,AI агенты,ПРО,2026-09-04,False,1,False
473,326,2026-09-04 10:55:46,2,14950.0,Аналитика про + Аналитика старт,ПРО/СТАРТ,2026-09-04,True,1,False
474,590,2026-09-04 11:04:11,1,8945.0,Backend про,ПРО,2026-09-04,False,1,False
475,379,2026-09-04 11:44:55,1,7475.0,Аналитика про,ПРО,2026-09-04,False,1,False
476,317,2026-09-04 13:16:14,1,8950.0,Аналитика про,ПРО,2026-09-04,False,1,False
477,354,2026-09-04 13:47:25,1,8245.0,Дискретка,Другое,2026-09-04,False,1,False
478,383,2026-09-04 14:11:02,1,8950.0,Аналитика про,ПРО,2026-09-04,False,1,False
479,375,2026-09-04 14:19:28,1,7000.0,Алгоритмы про,ПРО,2026-09-04,False,1,False
480,582,2026-09-04 15:03:52,1,8950.0,Аналитика старт,СТАРТ,2026-09-04,False,1,False
481,378,2026-09-04 15:08:47,1,8950.0,Аналитика про,ПРО,2026-09-04,False,1,False
482,28,2026-09-04 15:15:34,2,14950.0,Аналитика про + Аналитика старт,ПРО/СТАРТ,2026-09-04,True,1,False
483,302,2026-09-04 15:20:47,1,7475.0,Аналитика про,ПРО,2026-09-04,False,1,False
484,303,2026-09-04 15:21:52,2,14950.0,ML про + ML старт,ПРО/СТАРТ,2026-09-04,True,1,False
485,15,2026-09-04 15:26:00,1,8450.0,Аналитика про,ПРО,2026-09-04,False,1,False
486,197,2026-09-04 15:39:31,2,14950.0,AI агенты + Backend про,ПРО,2026-09-04,True,1,False
487,574,2026-09-04 16:29:01,1,7475.0,ML про,ПРО,2026-09-04,False,1,False
488,198,2026-09-04 16:44:57,1,7475.0,Аналитика старт,СТАРТ,2026-09-04,False,1,False
489,576,2026-09-04 17:26:34,1,7475.0,ML старт,СТАРТ,2026-09-04,False,1,False
490,471,2026-09-04 18:12:51,1,9950.0,Линейная алгебра,Другое,2026-09-04,False,1,False
491,428,2026-09-04 18:33:44,2,17900.0,ML про + ML старт,ПРО/СТАРТ,2026-09-04,True,1,False
492,94,2026-09-04 18:49:47,1,8950.0,Backend про,ПРО,2026-09-04,False,1,False
493,1,2026-09-04 19:30:57,1,8950.0,Аналитика старт,СТАРТ,2026-09-04,False,1,False
494,384,2026-09-04 20:38:50,1,8450.0,Аналитика про,ПРО,2026-09-04,False,1,False
495,43,2026-09-05 07:16:30,2,12950.0,АВ тестам + Аналитика старт,Другое/СТАРТ,2026-09-05,True,1,False
496,309,2026-09-05 09:55:40,1,8950.0,ML про,ПРО,2026-09-05,False,1,False
497,502,2026-09-05 10:11:25,1,8450.0,ML про,ПРО,2026-09-05,False,1,False
498,591,2026-09-05 10:13:46,1,8450.0,AI агенты,ПРО,2026-09-05,False,1,False
499,394,2026-09-05 10:17:43,1,8950.0,Алгоритмы про,ПРО,2026-09-05,False,1,False
500,155,2026-09-05 10:20:56,2,14950.0,Backend про + Backend старт,ПРО/СТАРТ,2026-09-05,True,1,False
501,533,2026-09-05 10:24:14,1,8450.0,AI агенты,ПРО,2026-09-05,False,1,False
502,510,2026-09-05 10:34:42,1,8950.0,AI агенты,ПРО,2026-09-05,False,1,False
503,328,2026-09-05 10:58:26,2,14950.0,ML про + Аналитика про,ПРО,2026-09-05,True,1,False
504,31,2026-09-05 11:00:21,1,7475.0,ML про,ПРО,2026-09-05,False,1,False
505,397,2026-09-05 11:02:15,1,8950.0,Аналитика старт,СТАРТ,2026-09-05,False,1,False
506,487,2026-09-05 11:02:17,2,14950.0,ML про + ML старт,ПРО/СТАРТ,2026-09-05,True,1,False
507,515,2026-09-05 12:09:36,1,8450.0,Аналитика про,ПРО,2026-09-05,False,1,False
508,155,2026-09-05 12:13:44,1,7000.0,Алгоритмы старт,СТАРТ,2026-09-05,False,2,True
509,117,2026-09-05 12:34:35,1,8450.0,Аналитика про,ПРО,2026-09-05,False,1,False
510,517,2026-09-05 12:48:03,1,8950.0,Аналитика про,ПРО,2026-09-05,False,1,False
511,238,2026-09-05 13:28:56,1,8950.0,Backend про,ПРО,2026-09-05,False,1,False
512,406,2026-09-05 13:55:08,1,8450.0,ML про,ПРО,2026-09-05,False,1,False
513,270,2026-09-05 14:08:51,1,8950.0,Аналитика про,ПРО,2026-09-05,False,1,False
514,48,2026-09-05 14:24:29,1,8950.0,Backend про,ПРО,2026-09-05,False,1,False
515,405,2026-09-05 14:29:26,1,8950.0,Backend старт,СТАРТ,2026-09-05,False,1,False
516,18,2026-09-05 14:29:29,1,8950.0,Алгоритмы про,ПРО,2026-09-05,False,1,False
517,362,2026-09-05 14:52:23,1,8450.0,ML про,ПРО,2026-09-05,False,1,False
518,250,2026-09-05 14:54:24,2,14950.0,Backend про + Backend старт,ПРО/СТАРТ,2026-09-05,True,1,False
519,540,2026-09-05 14:57:41,1,8950.0,Аналитика про,ПРО,2026-09-05,False,1,False
520,461,2026-09-05 15:01:05,2,14950.0,Аналитика про + Аналитика старт,ПРО/СТАРТ,2026-09-05,True,1,False
521,556,2026-09-05 15:17:14,1,7475.0,Аналитика про,ПРО,2026-09-05,False,1,False
522,431,2026-09-05 15:28:29,1,8950.0,Алгоритмы старт,СТАРТ,2026-09-05,False,1,False
523,169,2026-09-05 15:47:16,1,8950.0,Аналитика про,ПРО,2026-09-05,False,1,False
524,245,2026-09-05 15:54:58,1,8950.0,Backend про,ПРО,2026-09-05,False,1,False
525,2,2026-09-05 16:22:48,1,8950.0,ML про,ПРО,2026-09-05,False,1,False
526,414,2026-09-05 16:25:16,1,8950.0,ML про,ПРО,2026-09-05,False,1,False
527,596,2026-09-05 16:26:36,1,8950.0,ML про,ПРО,2026-09-05,False,1,False
528,67,2026-09-05 17:04:40,1,8950.0,ML про,ПРО,2026-09-05,False,2,True
529,210,2026-09-05 17:12:38,1,7475.0,Аналитика старт,СТАРТ,2026-09-05,False,1,False
530,127,2026-09-05 17:27:41,1,8950.0,ML про,ПРО,2026-09-05,False,1,False
531,602,2026-09-05 17:42:39,1,8450.0,Backend про,ПРО,2026-09-05,False,1,False
532,109,2026-09-05 17:57:36,1,8950.0,ML про,ПРО,2026-09-05,False,1,False
533,398,2026-09-05 18:06:36,1,8950.0,ML про,ПРО,2026-09-05,False,1,False
534,350,2026-09-05 18:12:55,1,8450.0,Аналитика про,ПРО,2026-09-05,False,1,False
535,24,2026-09-05 18:23:21,1,8950.0,ML про,ПРО,2026-09-05,False,1,False
536,553,2026-09-05 18:27:14,1,8950.0,ML про,ПРО,2026-09-05,False,1,False
537,174,2026-09-05 18:41:16,2,14950.0,ML про + Алгоритмы про,ПРО,2026-09-05,True,1,False
538,494,2026-09-05 19:15:54,1,8959.0,Алгоритмы про,ПРО,2026-09-05,False,1,False
539,377,2026-09-05 19:24:12,2,14950.0,Аналитика про + Аналитика старт,ПРО/СТАРТ,2026-09-05,True,1,False
540,60,2026-09-05 19:44:33,1,8950.0,ML про,ПРО,2026-09-05,False,1,False
541,545,2026-09-05 19:45:17,1,8950.0,ML про,ПРО,2026-09-05,False,1,False
542,147,2026-09-05 19:46:01,2,14950.0,ML про + ML старт,ПРО/СТАРТ,2026-09-05,True,1,False
543,416,2026-09-05 21:19:33,2,13950.0,Backend про + ML про,ПРО,2026-09-05,True,1,False
544,188,2026-09-06 01:03:43,1,6975.0,Backend про,ПРО,2026-09-06,False,1,False
545,569,2026-09-06 08:00:03,1,8950.0,Backend про,ПРО,2026-09-06,False,1,False
546,74,2026-09-06 10:34:28,1,8450.0,AI агенты,ПРО,2026-09-06,False,1,False
547,20,2026-09-06 11:07:00,2,14950.0,Аналитика про + Аналитика старт,ПРО/СТАРТ,2026-09-06,True,1,False
548,151,2026-09-06 11:31:11,1,7475.0,Аналитика про,ПРО,2026-09-06,False,1,False
549,42,2026-09-06 11:42:46,1,8450.0,ML про,ПРО,2026-09-06,False,1,False
550,193,2026-09-06 11:49:34,1,8450.0,AI агенты,ПРО,2026-09-06,False,1,False
551,105,2026-09-06 11:55:22,1,8950.0,Аналитика про,ПРО,2026-09-06,False,1,False
552,275,2026-09-06 11:58:58,2,13950.0,AI агенты + ML про,ПРО,2026-09-06,True,2,True
553,56,2026-09-06 12:12:33,1,7475.0,Backend старт,СТАРТ,2026-09-06,False,1,False
554,44,2026-09-06 12:29:18,1,6975.0,AI агенты,ПРО,2026-09-06,False,1,False
555,327,2026-09-06 12:45:38,1,8950.0,AI агенты,ПРО,2026-09-06,False,1,False
556,292,2026-09-06 12:59:39,1,6975.0,ML про,ПРО,2026-09-06,False,1,False
557,150,2026-09-06 13:11:45,1,8950.0,Backend про,ПРО,2026-09-06,False,1,False
558,59,2026-09-06 13:32:21,1,8950.0,ML про,ПРО,2026-09-06,False,1,False
559,154,2026-09-06 13:40:03,1,8950.0,Алгоритмы про,ПРО,2026-09-06,False,1,False
560,472,2026-09-06 13:45:12,1,8950.0,ML про,ПРО,2026-09-06,False,1,False
561,601,2026-09-06 14:28:33,2,13950.0,Аналитика про + Аналитика старт,ПРО/СТАРТ,2026-09-06,True,2,True
562,22,2026-09-06 14:41:56,1,8450.0,ML про,ПРО,2026-09-06,False,1,False
563,344,2026-09-06 14:48:52,1,8950.0,AI агенты,ПРО,2026-09-06,False,1,False
564,49,2026-09-06 14:51:02,2,14950.0,AI агенты + Backend про,ПРО,2026-09-06,True,1,False
565,113,2026-09-06 15:14:57,1,8950.0,Аналитика про,ПРО,2026-09-06,False,1,False
566,366,2026-09-06 15:18:37,4,8950.0,AI агенты + ML про + ML старт + Алгоритмы старт,ПРО/СТАРТ,2026-09-06,True,1,False
567,434,2026-09-06 15:23:19,1,8450.0,Backend про,ПРО,2026-09-06,False,1,False
568,55,2026-09-06 15:35:13,1,2237.5,AI агенты,ПРО,2026-09-06,False,1,False
569,23,2026-09-06 15:39:44,1,2237.5,ML старт,СТАРТ,2026-09-06,False,1,False
570,51,2026-09-06 15:46:24,1,2237.5,ML про,ПРО,2026-09-06,False,1,False
571,261,2026-09-06 16:06:04,1,8950.0,AI агенты,ПРО,2026-09-06,False,1,False
572,306,2026-09-06 16:18:59,1,8950.0,ML старт,СТАРТ,2026-09-06,False,1,False
573,180,2026-09-06 16:23:30,1,2237.5,Алгоритмы старт,СТАРТ,2026-09-06,False,1,False
574,10,2026-09-06 16:25:37,1,8450.0,Backend про,ПРО,2026-09-06,False,1,False
575,310,2026-09-06 16:38:02,2,14950.0,AI агенты + ML про,ПРО,2026-09-06,True,1,False
576,528,2026-09-06 16:54:20,1,8950.0,ML про,ПРО,2026-09-06,False,1,False
577,97,2026-09-06 17:27:55,1,8950.0,Backend про,ПРО,2026-09-06,False,1,False
578,449,2026-09-06 17:28:24,1,8950.0,Алгоритмы старт,СТАРТ,2026-09-06,False,1,False
579,278,2026-09-06 17:31:06,2,14950.0,Аналитика про + Аналитика старт,ПРО/СТАРТ,2026-09-06,True,1,False
580,300,2026-09-06 17:58:00,1,6950.0,Data Science,Другое,2026-09-06,False,1,False
581,251,2026-09-06 18:05:45,1,9950.0,Мат анализ,Другое,2026-09-06,False,1,False
582,347,2026-09-06 18:35:08,1,7475.0,Аналитика про,ПРО,2026-09-06,False,1,False
583,359,2026-09-06 18:40:33,1,7475.0,Аналитика старт,СТАРТ,2026-09-06,False,1,False
584,399,2026-09-06 19:02:33,1,8950.0,ML про,ПРО,2026-09-06,False,1,False
585,530,2026-09-06 19:09:38,1,8950.0,Аналитика про,ПРО,2026-09-06,False,1,False
586,396,2026-09-06 19:15:37,1,9950.0,Мат анализ,Другое,2026-09-06,False,1,False
587,604,2026-09-06 19:17:57,1,8950.0,Аналитика старт,СТАРТ,2026-09-06,False,1,False
588,593,2026-09-06 19:53:15,1,9950.0,Мат анализ,Другое,2026-09-06,False,1,False
589,454,2026-09-07 04:33:26,1,8950.0,ML про,ПРО,2026-09-07,False,1,False
590,63,2026-09-07 05:24:57,1,8950.0,Алгоритмы про,ПРО,2026-09-07,False,2,True
591,228,2026-09-07 07:42:35,1,8950.0,AI агенты,ПРО,2026-09-07,False,2,True
592,13,2026-09-07 07:54:24,1,8950.0,AI агенты,ПРО,2026-09-07,False,1,False
593,465,2026-09-07 08:21:23,1,4225.0,Алгоритмы,Другое,2026-09-07,False,1,False
594,125,2026-09-07 08:46:37,1,8950.0,ML про,ПРО,2026-09-07,False,1,False
595,491,2026-09-07 09:04:54,1,8950.0,Аналитика про,ПРО,2026-09-07,False,1,False
596,100,2026-09-07 09:30:42,1,8950.0,Backend старт,СТАРТ,2026-09-07,False,1,False
597,110,2026-09-07 10:27:06,1,8950.0,AI агенты,ПРО,2026-09-07,False,1,False
598,119,2026-09-07 11:34:36,1,8950.0,Алгоритмы про,ПРО,2026-09-07,False,1,False
599,102,2026-09-07 12:59:48,2,12950.0,AI агенты + ML про,ПРО,2026-09-07,True,1,False
600,204,2026-09-07 13:39:13,1,8950.0,ML про,ПРО,2026-09-07,False,1,False
601,214,2026-09-07 14:02:50,1,8950.0,AI агенты,ПРО,2026-09-07,False,1,False
602,254,2026-09-07 14:53:39,2,14950.0,Алгоритмы про + Алгоритмы старт,ПРО/СТАРТ,2026-09-07,True,1,False
603,246,2026-09-07 16:45:55,1,9950.0,Мат анализ,Другое,2026-09-07,False,1,False
604,509,2026-09-07 16:51:31,1,18900.0,Теория вероятностей,Другое,2026-09-07,False,1,False
605,72,2026-09-07 19:19:58,2,13950.0,AI агенты + ML про,ПРО,2026-09-07,True,1,False
606,78,2026-09-08 05:10:30,1,6950.0,Data Science,Другое,2026-09-08,False,1,False
607,548,2026-09-08 12:45:32,2,13950.0,AI агенты + ML про,ПРО,2026-09-08,True,1,False
608,429,2026-09-08 13:04:06,1,9950.0,Мат анализ,Другое,2026-09-08,False,1,False
609,499,2026-09-08 13:24:34,1,8950.0,Аналитика про,ПРО,2026-09-08,False,1,False
610,68,2026-09-08 17:53:12,2,15000.0,Алгоритмы про + Алгоритмы старт,ПРО/СТАРТ,2026-09-08,True,1,False
611,456,2026-09-08 17:57:42,1,9950.0,Мат анализ,Другое,2026-09-08,False,1,False
612,190,2026-09-09 02:52:43,1,9950.0,Мат анализ,Другое,2026-09-09,False,1,False
613,80,2026-09-09 04:53:08,1,6975.0,ML про,ПРО,2026-09-09,False,1,False
614,108,2026-09-09 04:53:08,1,6975.0,AI агенты,ПРО,2026-09-09,False,1,False
615,358,2026-09-09 06:30:33,1,8450.0,Аналитика про,ПРО,2026-09-09,False,1,False
616,224,2026-09-09 08:55:28,1,8450.0,Аналитика про,ПРО,2026-09-09,False,1,False
617,438,2026-09-09 13:24:37,1,8950.0,Аналитика про,ПРО,2026-09-09,False,1,False
618,283,2026-09-09 13:34:09,2,14950.0,AI агенты + ML про,ПРО,2026-09-09,True,1,False
619,381,2026-09-09 14:46:43,1,8950.0,Аналитика старт,СТАРТ,2026-09-09,False,1,False
620,212,2026-09-09 15:03:44,2,14950.0,Алгоритмы про + Алгоритмы старт,ПРО/СТАРТ,2026-09-09,True,1,False
621,567,2026-09-09 15:06:26,2,14950.0,AI агенты + Алгоритмы про,ПРО,2026-09-09,True,1,False
622,337,2026-09-09 15:41:19,1,7475.0,Алгоритмы про,ПРО,2026-09-09,False,1,False
623,349,2026-09-09 16:10:16,1,7475.0,Алгоритмы старт,СТАРТ,2026-09-09,False,1,False
624,123,2026-09-09 16:23:01,1,6450.0,Data Science,Другое,2026-09-09,False,1,False
625,444,2026-09-09 16:46:07,2,14950.0,Алгоритмы про + Алгоритмы старт,ПРО/СТАРТ,2026-09-09,True,1,False
626,36,2026-09-09 19:26:20,5,44750.0,Алгоритмы + Дискретка + Линейная алгебра + Мат анализ + Теория вероятностей,Другое,2026-09-09,True,1,False
627,407,2026-09-09 23:11:20,1,8950.0,Линейная алгебра,Другое,2026-09-09,False,1,False
628,196,2026-09-10 06:09:12,1,9950.0,Линейная алгебра,Другое,2026-09-10,False,1,False
