student_id,amount,course,timestamp,item_id,order_id,family,line,list_price,discount_pct,flag_low_amount,flag_high_amount,flag_same_course_twice
437,8950.0,ML про,2026-08-04 09:08:31,1,1,ML,ПРО,8950.0,0.0,False,False,False
437,7890.0,Аналитика старт,2026-08-04 09:35:00,2,2,Аналитика,СТАРТ,8950.0,0.118,False,False,False
443,8475.0,Линейная алгебра,2026-08-04 10:14:38,3,3,Математика,Другое,9950.0,0.148,False,False,False
443,8475.0,Мат анализ,2026-08-04 10:14:38,4,3,Математика,Другое,9950.0,0.148,False,False,False
430,8950.0,К ВУЗу,2026-08-04 13:38:06,5,4,К ВУЗу,Другое,6950.0,-0.288,False,False,True
480,15695.0,Data Science,2026-08-04 16:17:19,6,5,Data,Другое,6950.0,-1.0,False,True,False
131,8745.0,Backend старт,2026-08-04 17:05:46,7,6,Backend,СТАРТ,8950.0,0.023,False,False,False
571,8475.0,ML про,2026-08-04 17:19:52,8,7,ML,ПРО,8950.0,0.053,False,False,False
571,8475.0,ML старт,2026-08-04 17:19:52,9,7,ML,СТАРТ,8950.0,0.053,False,False,False
159,8475.0,Backend про,2026-08-05 12:56:32,10,8,Backend,ПРО,8950.0,0.053,False,False,False
159,8475.0,Backend старт,2026-08-05 12:56:32,11,8,Backend,СТАРТ,8950.0,0.053,False,False,False
126,8745.0,ML старт,2026-08-05 13:22:41,12,9,ML,СТАРТ,8950.0,0.023,False,False,False
225,8745.0,АВ тестам,2026-08-05 14:22:34,13,10,Аналитика,Другое,8950.0,0.023,False,False,False
137,8475.0,Backend старт,2026-08-05 15:01:16,14,11,Backend,СТАРТ,8950.0,0.053,False,False,False
280,8245.0,ML старт,2026-08-05 16:37:02,15,12,ML,СТАРТ,8950.0,0.079,False,False,False
222,7975.0,Backend про,2026-08-05 18:52:56,16,13,Backend,ПРО,8950.0,0.109,False,False,False
222,7975.0,Backend старт,2026-08-05 18:52:56,17,13,Backend,СТАРТ,8950.0,0.109,False,False,False
291,9950.0,Линейная алгебра,2026-08-06 10:06:16,18,14,Математика,Другое,9950.0,0.0,False,False,False
291,9950.0,Мат анализ,2026-08-06 10:06:16,19,14,Математика,Другое,9950.0,0.0,False,False,False
295,6950.0,К ВУЗу,2026-08-06 10:14:55,20,15,К ВУЗу,Другое,6950.0,0.0,False,False,False
294,9950.0,Линейная алгебра,2026-08-06 10:39:31,21,16,Математика,Другое,9950.0,0.0,False,False,False
325,9950.0,Линейная алгебра,2026-08-06 11:41:17,22,17,Математика,Другое,9950.0,0.0,False,False,False
166,6950.0,К ВУЗу,2026-08-06 12:15:46,23,18,К ВУЗу,Другое,6950.0,0.0,False,False,False
477,500.0,Теория вероятностей,2026-08-06 14:52:49,24,19,Математика,Другое,9950.0,0.95,True,False,False
579,8245.0,ML старт,2026-08-06 16:20:47,25,20,ML,СТАРТ,8950.0,0.079,False,False,False
334,9950.0,Линейная алгебра,2026-08-07 11:16:14,26,21,Математика,Другое,9950.0,0.0,False,False,False
334,9950.0,Мат анализ,2026-08-07 11:16:14,27,21,Математика,Другое,9950.0,0.0,False,False,False
459,9950.0,Мат анализ,2026-08-07 11:31:08,28,22,Математика,Другое,9950.0,0.0,False,False,False
313,9450.0,Мат анализ,2026-08-07 11:58:49,29,23,Математика,Другое,9950.0,0.05,False,False,False
481,8745.0,ML про,2026-08-07 13:09:54,30,24,ML,ПРО,8950.0,0.023,False,False,False
249,6950.0,К ВУЗу,2026-08-07 19:38:55,31,25,К ВУЗу,Другое,6950.0,0.0,False,False,False
259,8745.0,ML про,2026-08-08 07:59:01,32,26,ML,ПРО,8950.0,0.023,False,False,False
26,6490.0,Backend старт,2026-08-08 09:23:01,33,27,Backend,СТАРТ,8950.0,0.275,False,False,False
183,6490.0,Backend старт,2026-08-08 10:08:11,34,28,Backend,СТАРТ,8950.0,0.275,False,False,False
47,4995.0,ML старт,2026-08-08 12:24:55,35,29,ML,СТАРТ,8950.0,0.442,False,False,False
47,4995.0,Алгоритмы старт,2026-08-08 12:24:55,36,29,Алгоритмы,СТАРТ,8950.0,0.442,False,False,False
518,6490.0,Алгоритмы старт,2026-08-08 12:37:37,37,30,Алгоритмы,СТАРТ,8950.0,0.275,False,False,False
54,6490.0,Алгоритмы старт,2026-08-08 12:39:51,38,31,Алгоритмы,СТАРТ,8950.0,0.275,False,False,False
554,5000.0,ML старт,2026-08-08 12:44:01,39,32,ML,СТАРТ,8950.0,0.441,False,False,False
554,5000.0,Алгоритмы старт,2026-08-08 12:44:01,40,32,Алгоритмы,СТАРТ,8950.0,0.441,False,False,False
473,10000.0,Алгоритмы,2026-08-08 13:57:16,41,33,Алгоритмы,Другое,8950.0,-0.117,False,False,False
308,4950.0,Backend старт,2026-08-08 14:05:17,42,34,Backend,СТАРТ,8950.0,0.447,False,False,False
308,4950.0,Алгоритмы старт,2026-08-08 14:05:17,43,34,Алгоритмы,СТАРТ,8950.0,0.447,False,False,False
412,4995.0,ML старт,2026-08-08 14:06:52,44,35,ML,СТАРТ,8950.0,0.442,False,False,False
412,4995.0,Алгоритмы старт,2026-08-08 14:06:52,45,35,Алгоритмы,СТАРТ,8950.0,0.442,False,False,False
7,4950.0,Backend старт,2026-08-08 14:07:56,46,36,Backend,СТАРТ,8950.0,0.447,False,False,False
370,6490.0,Backend старт,2026-08-08 14:10:35,47,37,Backend,СТАРТ,8950.0,0.275,False,False,False
532,4995.0,Аналитика про,2026-08-08 16:22:47,48,38,Аналитика,ПРО,8950.0,0.442,False,False,False
532,4995.0,Аналитика старт,2026-08-08 16:22:47,49,38,Аналитика,СТАРТ,8950.0,0.442,False,False,False
451,8245.0,Backend про,2026-08-08 16:24:46,50,39,Backend,ПРО,8950.0,0.079,False,False,False
265,5990.0,ML старт,2026-08-08 16:25:28,51,40,ML,СТАРТ,8950.0,0.331,False,False,False
8,4495.0,АВ тестам,2026-08-08 16:25:39,52,41,Аналитика,Другое,8950.0,0.498,False,False,False
8,4495.0,Алгоритмы,2026-08-08 16:25:39,53,41,Алгоритмы,Другое,8950.0,0.498,False,False,False
33,4995.0,Backend старт,2026-08-08 16:26:36,54,42,Backend,СТАРТ,8950.0,0.442,False,False,False
33,4995.0,Алгоритмы старт,2026-08-08 16:26:36,55,42,Алгоритмы,СТАРТ,8950.0,0.442,False,False,False
512,4995.0,Алгоритмы старт,2026-08-08 16:43:12,56,43,Алгоритмы,СТАРТ,8950.0,0.442,False,False,False
410,6490.0,Backend старт,2026-08-08 16:51:05,57,44,Backend,СТАРТ,8950.0,0.275,False,False,False
516,4950.0,Алгоритмы старт,2026-08-08 16:59:49,58,45,Алгоритмы,СТАРТ,8950.0,0.447,False,False,False
516,4950.0,Аналитика старт,2026-08-08 16:59:49,59,45,Аналитика,СТАРТ,8950.0,0.447,False,False,False
511,4950.0,Аналитика старт,2026-08-08 17:29:42,60,46,Аналитика,СТАРТ,8950.0,0.447,False,False,False
256,5990.0,ML старт,2026-08-08 17:54:37,61,47,ML,СТАРТ,8950.0,0.331,False,False,False
333,6490.0,Аналитика старт,2026-08-08 18:25:13,62,48,Аналитика,СТАРТ,8950.0,0.275,False,False,False
233,6490.0,Аналитика старт,2026-08-08 18:51:08,63,49,Аналитика,СТАРТ,8950.0,0.275,False,False,False
427,4950.0,ML старт,2026-08-08 19:23:46,64,50,ML,СТАРТ,8950.0,0.447,False,False,False
427,4950.0,Алгоритмы,2026-08-08 19:23:46,65,50,Алгоритмы,Другое,8950.0,0.447,False,False,False
120,6490.0,Аналитика старт,2026-08-08 19:28:26,66,51,Аналитика,СТАРТ,8950.0,0.275,False,False,False
469,4950.0,Алгоритмы,2026-08-08 19:45:24,67,52,Алгоритмы,Другое,8950.0,0.447,False,False,False
161,4995.0,Backend старт,2026-08-08 19:49:42,68,53,Backend,СТАРТ,8950.0,0.442,False,False,False
161,4995.0,Алгоритмы старт,2026-08-08 19:49:42,69,53,Алгоритмы,СТАРТ,8950.0,0.442,False,False,False
320,4995.0,Алгоритмы старт,2026-08-08 19:54:31,70,54,Алгоритмы,СТАРТ,8950.0,0.442,False,False,False
320,4995.0,Аналитика старт,2026-08-08 19:54:31,71,54,Аналитика,СТАРТ,8950.0,0.442,False,False,False
135,4995.0,ML старт,2026-08-08 20:00:19,72,55,ML,СТАРТ,8950.0,0.442,False,False,False
135,4995.0,Алгоритмы старт,2026-08-08 20:00:19,73,55,Алгоритмы,СТАРТ,8950.0,0.442,False,False,False
73,4995.0,Алгоритмы старт,2026-08-08 20:05:40,74,56,Алгоритмы,СТАРТ,8950.0,0.442,False,False,False
227,4725.0,ML старт,2026-08-08 20:08:33,75,57,ML,СТАРТ,8950.0,0.472,False,False,False
227,4725.0,Алгоритмы старт,2026-08-08 20:08:33,76,57,Алгоритмы,СТАРТ,8950.0,0.472,False,False,False
507,6490.0,ML старт,2026-08-08 20:12:46,77,58,ML,СТАРТ,8950.0,0.275,False,False,False
421,4995.0,Data Engenering,2026-08-08 20:25:37,78,59,Data,Другое,6950.0,0.281,False,False,False
421,4995.0,Алгоритмы,2026-08-08 20:25:37,79,59,Алгоритмы,Другое,8950.0,0.442,False,False,False
401,8245.0,Backend про,2026-08-08 22:16:55,80,60,Backend,ПРО,8950.0,0.079,False,False,False
160,4995.0,Аналитика старт,2026-08-09 02:39:44,81,61,Аналитика,СТАРТ,8950.0,0.442,False,False,False
32,6490.0,ML старт,2026-08-09 04:36:11,82,62,ML,СТАРТ,8950.0,0.275,False,False,False
415,4995.0,Backend старт,2026-08-09 04:51:42,83,63,Backend,СТАРТ,8950.0,0.442,False,False,False
167,4950.0,ML старт,2026-08-09 09:07:16,84,64,ML,СТАРТ,8950.0,0.447,False,False,False
167,4950.0,Алгоритмы старт,2026-08-09 09:07:16,85,64,Алгоритмы,СТАРТ,8950.0,0.447,False,False,False
262,6490.0,Backend про,2026-08-09 09:10:55,86,65,Backend,ПРО,8950.0,0.275,False,False,False
570,4995.0,Алгоритмы старт,2026-08-09 09:24:57,87,66,Алгоритмы,СТАРТ,8950.0,0.442,False,False,False
570,4995.0,Аналитика старт,2026-08-09 09:24:57,88,66,Аналитика,СТАРТ,8950.0,0.442,False,False,False
520,6490.0,Аналитика старт,2026-08-09 09:27:27,89,67,Аналитика,СТАРТ,8950.0,0.275,False,False,False
598,4950.0,Backend старт,2026-08-09 09:43:34,90,68,Backend,СТАРТ,8950.0,0.447,False,False,False
598,4950.0,Алгоритмы,2026-08-09 09:43:34,91,68,Алгоритмы,Другое,8950.0,0.447,False,False,False
279,6490.0,Аналитика старт,2026-08-09 09:48:26,92,69,Аналитика,СТАРТ,8950.0,0.275,False,False,False
207,6490.0,Алгоритмы старт,2026-08-09 10:15:38,93,70,Алгоритмы,СТАРТ,8950.0,0.275,False,False,False
457,6490.0,Алгоритмы старт,2026-08-09 10:16:31,94,71,Алгоритмы,СТАРТ,8950.0,0.275,False,False,False
389,4950.0,ML старт,2026-08-09 10:18:12,95,72,ML,СТАРТ,8950.0,0.447,False,False,False
389,4950.0,Алгоритмы старт,2026-08-09 10:18:12,96,72,Алгоритмы,СТАРТ,8950.0,0.447,False,False,False
89,9900.0,Алгоритмы,2026-08-09 10:44:19,97,73,Алгоритмы,Другое,8950.0,-0.106,False,False,False
232,6490.0,Аналитика старт,2026-08-09 10:47:20,98,74,Аналитика,СТАРТ,8950.0,0.275,False,False,False
527,4950.0,ML старт,2026-08-09 10:49:47,99,75,ML,СТАРТ,8950.0,0.447,False,False,False
527,4950.0,Алгоритмы старт,2026-08-09 10:49:47,100,75,Алгоритмы,СТАРТ,8950.0,0.447,False,False,False
129,6490.0,Аналитика старт,2026-08-09 10:56:45,101,76,Аналитика,СТАРТ,8950.0,0.275,False,False,False
19,4950.0,Алгоритмы старт,2026-08-09 11:01:50,102,77,Алгоритмы,СТАРТ,8950.0,0.447,False,False,False
19,4950.0,Аналитика старт,2026-08-09 11:01:50,103,77,Аналитика,СТАРТ,8950.0,0.447,False,False,False
38,6490.0,Аналитика старт,2026-08-09 12:15:31,104,78,Аналитика,СТАРТ,8950.0,0.275,False,False,False
206,4995.0,Backend старт,2026-08-09 13:00:12,105,79,Backend,СТАРТ,8950.0,0.442,False,False,False
206,4995.0,Алгоритмы,2026-08-09 13:00:12,106,79,Алгоритмы,Другое,8950.0,0.442,False,False,False
356,6950.0,Backend старт,2026-08-09 13:48:05,107,80,Backend,СТАРТ,8950.0,0.223,False,False,False
336,4950.0,ML старт,2026-08-09 13:48:41,108,81,ML,СТАРТ,8950.0,0.447,False,False,False
336,4950.0,Алгоритмы старт,2026-08-09 13:48:41,109,81,Алгоритмы,СТАРТ,8950.0,0.447,False,False,False
53,4950.0,ML старт,2026-08-09 13:57:35,110,82,ML,СТАРТ,8950.0,0.447,False,False,False
543,4950.0,Алгоритмы старт,2026-08-09 14:01:24,111,83,Алгоритмы,СТАРТ,8950.0,0.447,False,False,False
476,4450.0,ML старт,2026-08-09 14:14:07,112,84,ML,СТАРТ,8950.0,0.503,False,False,False
476,4450.0,Алгоритмы старт,2026-08-09 14:14:07,113,84,Алгоритмы,СТАРТ,8950.0,0.503,False,False,False
64,4995.0,Алгоритмы,2026-08-09 14:45:05,114,85,Алгоритмы,Другое,8950.0,0.442,False,False,False
335,4950.0,ML старт,2026-08-09 16:07:42,115,86,ML,СТАРТ,8950.0,0.447,False,False,False
335,4950.0,Алгоритмы старт,2026-08-09 16:07:42,116,86,Алгоритмы,СТАРТ,8950.0,0.447,False,False,False
400,6490.0,Алгоритмы старт,2026-08-09 16:12:09,117,87,Алгоритмы,СТАРТ,8950.0,0.275,False,False,False
58,5463.33,Backend старт,2026-08-09 16:12:46,118,88,Backend,СТАРТ,8950.0,0.39,False,False,False
58,5463.33,ML старт,2026-08-09 16:12:46,119,88,ML,СТАРТ,8950.0,0.39,False,False,False
58,5463.34,Алгоритмы старт,2026-08-09 16:12:46,120,88,Алгоритмы,СТАРТ,8950.0,0.39,False,False,False
435,4950.0,Аналитика про,2026-08-09 16:13:53,121,89,Аналитика,ПРО,8950.0,0.447,False,False,False
435,4950.0,Аналитика старт,2026-08-09 16:13:53,122,89,Аналитика,СТАРТ,8950.0,0.447,False,False,False
365,6490.0,ML старт,2026-08-09 16:15:08,123,90,ML,СТАРТ,8950.0,0.275,False,False,False
286,6490.0,Аналитика старт,2026-08-09 16:16:39,124,91,Аналитика,СТАРТ,8950.0,0.275,False,False,False
96,6490.0,Аналитика старт,2026-08-09 16:21:43,125,92,Аналитика,СТАРТ,8950.0,0.275,False,False,False
321,6490.0,ML старт,2026-08-09 16:24:15,126,93,ML,СТАРТ,8950.0,0.275,False,False,False
550,5463.34,Алгоритмы старт,2026-08-09 16:24:42,127,94,Алгоритмы,СТАРТ,8950.0,0.39,False,False,False
577,5463.33,Backend старт,2026-08-09 16:26:30,128,95,Backend,СТАРТ,8950.0,0.39,False,False,False
176,6490.0,Алгоритмы,2026-08-09 16:29:58,129,96,Алгоритмы,Другое,8950.0,0.275,False,False,False
331,4995.0,Алгоритмы старт,2026-08-09 16:31:09,130,97,Алгоритмы,СТАРТ,8950.0,0.442,False,False,False
331,4995.0,Аналитика старт,2026-08-09 16:31:09,131,97,Аналитика,СТАРТ,8950.0,0.442,False,False,False
138,6490.0,ML старт,2026-08-09 16:33:22,132,98,ML,СТАРТ,8950.0,0.275,False,False,False
40,6490.0,Аналитика старт,2026-08-09 16:36:02,133,99,Аналитика,СТАРТ,8950.0,0.275,False,False,False
488,19350.0,Алгоритмы,2026-08-09 16:36:09,134,100,Алгоритмы,Другое,8950.0,-1.0,False,True,False
462,500.0,Алгоритмы старт,2026-08-09 16:45:22,135,101,Алгоритмы,СТАРТ,8950.0,0.944,True,False,False
329,6490.0,Алгоритмы старт,2026-08-09 16:51:47,136,102,Алгоритмы,СТАРТ,8950.0,0.275,False,False,False
12,6490.0,Backend старт,2026-08-09 16:52:01,137,103,Backend,СТАРТ,8950.0,0.275,False,False,False
371,4950.0,ML старт,2026-08-09 17:17:09,138,104,ML,СТАРТ,8950.0,0.447,False,False,False
371,4950.0,Алгоритмы старт,2026-08-09 17:17:09,139,104,Алгоритмы,СТАРТ,8950.0,0.447,False,False,False
380,6490.0,ML старт,2026-08-09 17:19:11,140,105,ML,СТАРТ,8950.0,0.275,False,False,False
184,4950.0,Алгоритмы старт,2026-08-09 17:20:07,141,106,Алгоритмы,СТАРТ,8950.0,0.447,False,False,False
470,4950.0,ML старт,2026-08-09 17:24:05,142,107,ML,СТАРТ,8950.0,0.447,False,False,False
470,4950.0,Алгоритмы,2026-08-09 17:24:05,143,107,Алгоритмы,Другое,8950.0,0.447,False,False,False
319,4950.0,ML старт,2026-08-09 17:25:06,144,108,ML,СТАРТ,8950.0,0.447,False,False,False
402,4995.0,ML старт,2026-08-09 17:25:40,145,109,ML,СТАРТ,8950.0,0.442,False,False,False
402,4995.0,Алгоритмы старт,2026-08-09 17:25:40,146,109,Алгоритмы,СТАРТ,8950.0,0.442,False,False,False
563,6490.0,Аналитика старт,2026-08-09 17:28:24,147,110,Аналитика,СТАРТ,8950.0,0.275,False,False,False
597,5990.0,ML старт,2026-08-09 18:00:04,148,111,ML,СТАРТ,8950.0,0.331,False,False,False
589,5990.0,Алгоритмы старт,2026-08-09 18:06:31,149,112,Алгоритмы,СТАРТ,8950.0,0.331,False,False,False
65,6490.0,Аналитика старт,2026-08-09 18:45:20,150,113,Аналитика,СТАРТ,8950.0,0.275,False,False,False
103,6490.0,Аналитика старт,2026-08-09 18:46:42,151,114,Аналитика,СТАРТ,8950.0,0.275,False,False,False
62,4995.0,Backend старт,2026-08-09 18:47:09,152,115,Backend,СТАРТ,8950.0,0.442,False,False,False
62,4995.0,Алгоритмы старт,2026-08-09 18:47:09,153,115,Алгоритмы,СТАРТ,8950.0,0.442,False,False,False
187,4495.0,Алгоритмы старт,2026-08-09 18:48:05,154,116,Алгоритмы,СТАРТ,8950.0,0.498,False,False,False
187,4495.0,Аналитика старт,2026-08-09 18:48:05,155,116,Аналитика,СТАРТ,8950.0,0.498,False,False,False
369,4495.0,Алгоритмы старт,2026-08-09 18:53:23,156,117,Алгоритмы,СТАРТ,8950.0,0.498,False,False,False
282,8745.0,ML про,2026-08-09 18:55:57,157,118,ML,ПРО,8950.0,0.023,False,False,False
323,4995.0,Backend старт,2026-08-09 18:56:09,158,119,Backend,СТАРТ,8950.0,0.442,False,False,False
323,4995.0,Алгоритмы,2026-08-09 18:56:09,159,119,Алгоритмы,Другое,8950.0,0.442,False,False,False
382,4450.0,ML старт,2026-08-09 18:58:42,160,120,ML,СТАРТ,8950.0,0.503,False,False,False
382,4450.0,Алгоритмы старт,2026-08-09 18:58:42,161,120,Алгоритмы,СТАРТ,8950.0,0.503,False,False,False
228,6450.0,Data Science,2026-08-09 19:02:28,162,121,Data,Другое,6950.0,0.072,False,False,False
84,6490.0,Backend старт,2026-08-09 19:07:32,163,122,Backend,СТАРТ,8950.0,0.275,False,False,False
374,6450.0,Data Science,2026-08-09 19:11:48,164,123,Data,Другое,6950.0,0.072,False,False,False
63,6450.0,Data Engenering,2026-08-09 19:29:08,165,124,Data,Другое,6950.0,0.072,False,False,False
63,6450.0,Data Science,2026-08-09 19:29:08,166,124,Data,Другое,6950.0,0.072,False,False,False
433,4950.0,ML старт,2026-08-09 19:40:37,167,125,ML,СТАРТ,8950.0,0.447,False,False,False
433,4950.0,Алгоритмы старт,2026-08-09 19:40:37,168,125,Алгоритмы,СТАРТ,8950.0,0.447,False,False,False
439,6490.0,Backend старт,2026-08-09 20:20:29,169,126,Backend,СТАРТ,8950.0,0.275,False,False,False
223,6490.0,Алгоритмы старт,2026-08-09 20:27:29,170,127,Алгоритмы,СТАРТ,8950.0,0.275,False,False,False
508,4950.0,Backend старт,2026-08-09 21:33:27,171,128,Backend,СТАРТ,8950.0,0.447,False,False,False
508,4950.0,Алгоритмы старт,2026-08-09 21:33:27,172,128,Алгоритмы,СТАРТ,8950.0,0.447,False,False,False
478,6450.0,Data Engenering,2026-08-10 00:13:55,173,129,Data,Другое,6950.0,0.072,False,False,False
57,4950.0,ML старт,2026-08-10 00:14:10,174,130,ML,СТАРТ,8950.0,0.447,False,False,False
445,4950.0,Аналитика про,2026-08-10 00:36:19,175,131,Аналитика,ПРО,8950.0,0.447,False,False,False
93,6950.0,К ВУЗу,2026-08-10 05:56:12,176,132,К ВУЗу,Другое,6950.0,0.0,False,False,False
186,4950.0,Алгоритмы старт,2026-08-10 06:13:10,177,133,Алгоритмы,СТАРТ,8950.0,0.447,False,False,False
544,4995.0,Алгоритмы,2026-08-10 06:26:01,178,134,Алгоритмы,Другое,8950.0,0.442,False,False,False
83,6490.0,Аналитика старт,2026-08-10 07:52:44,179,135,Аналитика,СТАРТ,8950.0,0.275,False,False,False
152,6490.0,ML старт,2026-08-10 08:42:13,180,136,ML,СТАРТ,8950.0,0.275,False,False,False
446,6950.0,Data Engenering,2026-08-10 09:02:50,181,137,Data,Другое,6950.0,0.0,False,False,False
106,4950.0,Backend старт,2026-08-10 10:53:02,182,138,Backend,СТАРТ,8950.0,0.447,False,False,False
106,4950.0,Алгоритмы старт,2026-08-10 10:53:02,183,138,Алгоритмы,СТАРТ,8950.0,0.447,False,False,False
158,4700.0,Backend старт,2026-08-10 12:37:30,184,139,Backend,СТАРТ,8950.0,0.475,False,False,False
158,4700.0,Алгоритмы,2026-08-10 12:37:30,185,139,Алгоритмы,Другое,8950.0,0.475,False,False,False
164,8745.0,ML старт,2026-08-10 13:08:15,186,140,ML,СТАРТ,8950.0,0.023,False,False,False
500,6490.0,Аналитика старт,2026-08-10 13:21:01,187,141,Аналитика,СТАРТ,8950.0,0.275,False,False,False
467,6490.0,Аналитика старт,2026-08-10 13:55:50,188,142,Аналитика,СТАРТ,8950.0,0.275,False,False,False
217,6950.0,К ВУЗу,2026-08-10 14:24:20,189,143,К ВУЗу,Другое,6950.0,0.0,False,False,False
258,6490.0,Алгоритмы,2026-08-10 15:03:03,190,144,Алгоритмы,Другое,8950.0,0.275,False,False,False
408,6490.0,Аналитика старт,2026-08-10 15:22:41,191,145,Аналитика,СТАРТ,8950.0,0.275,False,False,False
584,6490.0,Алгоритмы старт,2026-08-10 15:33:39,192,146,Алгоритмы,СТАРТ,8950.0,0.275,False,False,False
519,4950.0,Алгоритмы старт,2026-08-10 16:09:27,193,147,Алгоритмы,СТАРТ,8950.0,0.447,False,False,False
519,4950.0,Аналитика про,2026-08-10 16:09:27,194,147,Аналитика,ПРО,8950.0,0.447,False,False,False
519,4950.0,Аналитика старт,2026-08-10 16:09:27,195,147,Аналитика,СТАРТ,8950.0,0.447,False,False,False
86,4950.0,Алгоритмы старт,2026-08-10 16:16:30,196,148,Алгоритмы,СТАРТ,8950.0,0.447,False,False,False
21,4950.0,Алгоритмы старт,2026-08-10 16:29:36,197,149,Алгоритмы,СТАРТ,8950.0,0.447,False,False,False
21,4950.0,Аналитика старт,2026-08-10 16:29:36,198,149,Аналитика,СТАРТ,8950.0,0.447,False,False,False
16,4950.0,ML старт,2026-08-10 16:56:42,199,150,ML,СТАРТ,8950.0,0.447,False,False,False
16,4950.0,Алгоритмы старт,2026-08-10 16:56:42,200,150,Алгоритмы,СТАРТ,8950.0,0.447,False,False,False
67,6490.0,Аналитика старт,2026-08-10 18:01:06,201,151,Аналитика,СТАРТ,8950.0,0.275,False,False,False
498,4500.0,Аналитика про,2026-08-10 18:10:53,202,152,Аналитика,ПРО,8950.0,0.497,False,False,False
498,4500.0,Аналитика старт,2026-08-10 18:10:53,203,152,Аналитика,СТАРТ,8950.0,0.497,False,False,False
52,6450.0,К ВУЗу,2026-08-10 18:12:59,204,153,К ВУЗу,Другое,6950.0,0.072,False,False,False
464,4500.0,Аналитика старт,2026-08-10 18:30:49,205,154,Аналитика,СТАРТ,8950.0,0.497,False,False,False
606,6450.0,К ВУЗу,2026-08-10 18:36:00,206,155,К ВУЗу,Другое,6950.0,0.072,False,False,False
546,6490.0,Аналитика старт,2026-08-10 19:07:51,207,156,Аналитика,СТАРТ,8950.0,0.275,False,False,False
389,5990.0,Аналитика старт,2026-08-10 19:12:23,208,157,Аналитика,СТАРТ,8950.0,0.331,False,False,False
588,6450.0,К ВУЗу,2026-08-11 02:43:57,209,158,К ВУЗу,Другое,6950.0,0.072,False,False,False
173,4950.0,ML старт,2026-08-11 07:48:36,210,159,ML,СТАРТ,8950.0,0.447,False,False,False
173,4950.0,Алгоритмы старт,2026-08-11 07:48:36,211,159,Алгоритмы,СТАРТ,8950.0,0.447,False,False,False
417,6950.0,К ВУЗу,2026-08-11 10:51:54,212,160,К ВУЗу,Другое,6950.0,0.0,False,False,False
281,4950.0,ML старт,2026-08-11 12:02:08,213,161,ML,СТАРТ,8950.0,0.447,False,False,False
339,6450.0,К ВУЗу,2026-08-11 12:22:26,214,162,К ВУЗу,Другое,6950.0,0.072,False,False,False
82,3245.0,Аналитика про,2026-08-11 12:46:14,215,163,Аналитика,ПРО,8950.0,0.637,False,False,False
82,3245.0,Аналитика старт,2026-08-11 12:46:14,216,163,Аналитика,СТАРТ,8950.0,0.637,False,False,False
142,6490.0,Аналитика старт,2026-08-11 15:49:13,217,164,Аналитика,СТАРТ,8950.0,0.275,False,False,False
304,6950.0,К ВУЗу,2026-08-11 15:52:40,218,165,К ВУЗу,Другое,6950.0,0.0,False,False,False
311,4950.0,ML старт,2026-08-11 16:15:41,219,166,ML,СТАРТ,8950.0,0.447,False,False,False
311,4950.0,Алгоритмы старт,2026-08-11 16:15:41,220,166,Алгоритмы,СТАРТ,8950.0,0.447,False,False,False
453,4950.0,Алгоритмы старт,2026-08-11 17:07:53,221,167,Алгоритмы,СТАРТ,8950.0,0.447,False,False,False
505,4950.0,ML старт,2026-08-11 18:00:05,222,168,ML,СТАРТ,8950.0,0.447,False,False,False
505,4950.0,Алгоритмы старт,2026-08-11 18:00:05,223,168,Алгоритмы,СТАРТ,8950.0,0.447,False,False,False
112,8475.0,ML про,2026-08-11 18:41:42,224,169,ML,ПРО,8950.0,0.053,False,False,False
112,8475.0,ML старт,2026-08-11 18:41:42,225,169,ML,СТАРТ,8950.0,0.053,False,False,False
179,6490.0,Аналитика старт,2026-08-12 02:06:02,226,170,Аналитика,СТАРТ,8950.0,0.275,False,False,False
537,4950.0,ML старт,2026-08-12 04:49:43,227,171,ML,СТАРТ,8950.0,0.447,False,False,False
537,4950.0,Алгоритмы старт,2026-08-12 04:49:43,228,171,Алгоритмы,СТАРТ,8950.0,0.447,False,False,False
46,6450.0,К ВУЗу,2026-08-12 05:13:04,229,172,К ВУЗу,Другое,6950.0,0.072,False,False,False
260,4950.0,Алгоритмы,2026-08-12 05:32:11,230,173,Алгоритмы,Другое,8950.0,0.447,False,False,False
260,4950.0,Алгоритмы про,2026-08-12 05:32:11,231,173,Алгоритмы,ПРО,8950.0,0.447,False,False,False
234,4950.0,ML старт,2026-08-12 06:04:03,232,174,ML,СТАРТ,8950.0,0.447,False,False,False
332,9900.0,ML старт,2026-08-12 06:44:05,233,175,ML,СТАРТ,8950.0,-0.106,False,False,False
41,6500.0,ML старт,2026-08-12 10:22:39,234,176,ML,СТАРТ,8950.0,0.274,False,False,False
536,8475.0,Аналитика про,2026-08-12 12:22:52,235,177,Аналитика,ПРО,8950.0,0.053,False,False,False
536,8475.0,Аналитика старт,2026-08-12 12:22:52,236,177,Аналитика,СТАРТ,8950.0,0.053,False,False,False
460,8745.0,Аналитика старт,2026-08-12 13:12:40,237,178,Аналитика,СТАРТ,8950.0,0.023,False,False,False
388,7000.0,ML старт,2026-08-12 13:28:18,238,179,ML,СТАРТ,8950.0,0.218,False,False,False
521,6450.0,К ВУЗу,2026-08-12 14:21:51,239,180,К ВУЗу,Другое,6950.0,0.072,False,False,False
586,8745.0,Аналитика старт,2026-08-12 17:45:53,240,181,Аналитика,СТАРТ,8950.0,0.023,False,False,False
170,6000.0,ML старт,2026-08-12 17:51:00,241,182,ML,СТАРТ,8950.0,0.33,False,False,False
348,6950.0,К ВУЗу,2026-08-12 19:17:21,242,183,К ВУЗу,Другое,6950.0,0.0,False,False,False
364,8475.0,Аналитика про,2026-08-13 00:01:02,243,184,Аналитика,ПРО,8950.0,0.053,False,False,False
66,8745.0,Алгоритмы старт,2026-08-13 05:36:55,244,185,Алгоритмы,СТАРТ,8950.0,0.023,False,False,False
426,6000.0,ML старт,2026-08-13 09:26:22,245,186,ML,СТАРТ,8950.0,0.33,False,False,False
342,9950.0,Теория вероятностей,2026-08-13 09:48:34,246,187,Математика,Другое,9950.0,0.0,False,False,False
275,8745.0,Алгоритмы старт,2026-08-13 09:51:23,247,188,Алгоритмы,СТАРТ,8950.0,0.023,False,False,False
132,8745.0,Аналитика про,2026-08-13 11:39:13,248,189,Аналитика,ПРО,8950.0,0.023,False,False,False
175,9950.0,Теория вероятностей,2026-08-13 16:14:01,249,190,Математика,Другое,9950.0,0.0,False,False,False
153,5750.0,Алгоритмы,2026-08-13 18:30:59,250,191,Алгоритмы,Другое,8950.0,0.358,False,False,False
208,6450.0,К ВУЗу,2026-08-13 19:25:17,251,192,К ВУЗу,Другое,6950.0,0.072,False,False,False
79,9950.0,Теория вероятностей,2026-08-14 04:09:52,252,193,Математика,Другое,9950.0,0.0,False,False,False
229,9950.0,Теория вероятностей,2026-08-14 04:19:44,253,194,Математика,Другое,9950.0,0.0,False,False,False
474,6950.0,К ВУЗу,2026-08-14 07:16:32,254,195,К ВУЗу,Другое,6950.0,0.0,False,False,False
45,5750.0,Алгоритмы,2026-08-14 10:04:52,255,196,Алгоритмы,Другое,8950.0,0.358,False,False,False
442,6950.0,К ВУЗу,2026-08-14 11:21:45,256,197,К ВУЗу,Другое,6950.0,0.0,False,False,False
316,4495.0,АВ тестам,2026-08-14 12:59:02,257,198,Аналитика,Другое,8950.0,0.498,False,False,False
448,8475.0,ML про,2026-08-14 14:23:30,258,199,ML,ПРО,8950.0,0.053,False,False,False
448,8475.0,ML старт,2026-08-14 14:23:30,259,199,ML,СТАРТ,8950.0,0.053,False,False,False
391,8745.0,Алгоритмы старт,2026-08-14 18:55:11,260,200,Алгоритмы,СТАРТ,8950.0,0.023,False,False,False
420,6950.0,К ВУЗу,2026-08-14 20:17:00,261,201,К ВУЗу,Другое,6950.0,0.0,False,False,False
276,2875.0,ML старт,2026-08-15 12:43:23,262,202,ML,СТАРТ,8950.0,0.679,False,False,False
276,2875.0,Алгоритмы старт,2026-08-15 12:43:23,263,202,Алгоритмы,СТАРТ,8950.0,0.679,False,False,False
162,6950.0,К ВУЗу,2026-08-15 12:51:04,264,203,К ВУЗу,Другое,6950.0,0.0,False,False,False
130,9950.0,Алгоритмы,2026-08-15 14:59:16,265,204,Алгоритмы,Другое,8950.0,-0.112,False,False,False
482,8475.0,ML старт,2026-08-15 16:30:16,266,205,ML,СТАРТ,8950.0,0.053,False,False,False
482,8475.0,Алгоритмы,2026-08-15 16:30:16,267,205,Алгоритмы,Другое,8950.0,0.053,False,False,False
484,8745.0,Аналитика старт,2026-08-15 19:17:47,268,206,Аналитика,СТАРТ,8950.0,0.023,False,False,False
564,8745.0,Аналитика старт,2026-08-16 04:38:14,269,207,Аналитика,СТАРТ,8950.0,0.023,False,False,False
479,8745.0,Аналитика старт,2026-08-16 09:40:02,270,208,Аналитика,СТАРТ,8950.0,0.023,False,False,False
441,8745.0,Алгоритмы старт,2026-08-16 09:40:30,271,209,Алгоритмы,СТАРТ,8950.0,0.023,False,False,False
133,4950.0,Аналитика про,2026-08-16 09:59:37,272,210,Аналитика,ПРО,8950.0,0.447,False,False,False
133,4950.0,Аналитика старт,2026-08-16 09:59:37,273,210,Аналитика,СТАРТ,8950.0,0.447,False,False,False
143,6950.0,К ВУЗу,2026-08-16 13:21:36,274,211,К ВУЗу,Другое,6950.0,0.0,False,False,False
361,8745.0,ML старт,2026-08-17 10:53:42,275,212,ML,СТАРТ,8950.0,0.023,False,False,False
361,8745.0,Алгоритмы старт,2026-08-17 10:53:42,276,212,Алгоритмы,СТАРТ,8950.0,0.023,False,False,False
522,6950.0,К ВУЗу,2026-08-17 16:24:17,277,213,К ВУЗу,Другое,6950.0,0.0,False,False,False
562,8745.0,ML старт,2026-08-17 22:34:23,278,214,ML,СТАРТ,8950.0,0.023,False,False,False
346,8745.0,ML старт,2026-08-18 10:15:05,279,215,ML,СТАРТ,8950.0,0.023,False,False,False
477,9450.0,Линейная алгебра,2026-08-18 15:06:11,280,216,Математика,Другое,9950.0,0.05,False,False,False
603,8745.0,Аналитика старт,2026-08-18 16:34:39,281,217,Аналитика,СТАРТ,8950.0,0.023,False,False,False
75,8475.0,Аналитика про,2026-08-18 18:53:33,282,218,Аналитика,ПРО,8950.0,0.053,False,False,False
75,8475.0,Аналитика старт,2026-08-18 18:53:33,283,218,Аналитика,СТАРТ,8950.0,0.053,False,False,False
70,8475.0,Аналитика старт,2026-08-18 19:10:04,284,219,Аналитика,СТАРТ,8950.0,0.053,False,False,False
413,8745.0,Аналитика старт,2026-08-18 19:40:47,285,220,Аналитика,СТАРТ,8950.0,0.023,False,False,False
468,9450.0,Линейная алгебра,2026-08-19 07:10:12,286,221,Математика,Другое,9950.0,0.05,False,False,False
287,6950.0,Data Science,2026-08-19 07:46:07,287,222,Data,Другое,6950.0,0.0,False,False,False
575,8245.0,Алгоритмы старт,2026-08-19 09:21:46,288,223,Алгоритмы,СТАРТ,8950.0,0.079,False,False,False
575,8245.0,Аналитика про,2026-08-19 09:21:46,289,223,Аналитика,ПРО,8950.0,0.079,False,False,False
575,8245.0,Аналитика старт,2026-08-19 09:21:46,290,223,Аналитика,СТАРТ,8950.0,0.079,False,False,False
386,7000.0,Backend про,2026-08-19 13:53:46,291,224,Backend,ПРО,8950.0,0.218,False,False,False
592,8245.0,Алгоритмы старт,2026-08-19 20:38:02,292,225,Алгоритмы,СТАРТ,8950.0,0.079,False,False,False
351,9450.0,Линейная алгебра,2026-08-20 11:12:25,293,226,Математика,Другое,9950.0,0.05,False,False,False
392,8745.0,Аналитика старт,2026-08-20 13:14:17,294,227,Аналитика,СТАРТ,8950.0,0.023,False,False,False
501,8745.0,ML старт,2026-08-20 14:06:32,295,228,ML,СТАРТ,8950.0,0.023,False,False,False
492,9950.0,Теория вероятностей,2026-08-20 14:21:52,296,229,Математика,Другое,9950.0,0.0,False,False,False
146,6950.0,К ВУЗу,2026-08-20 16:27:30,297,230,К ВУЗу,Другое,6950.0,0.0,False,False,False
101,8745.0,Алгоритмы старт,2026-08-20 17:34:00,298,231,Алгоритмы,СТАРТ,8950.0,0.023,False,False,False
199,9950.0,Мат анализ,2026-08-21 09:02:18,299,232,Математика,Другое,9950.0,0.0,False,False,False
578,8245.0,Аналитика про,2026-08-21 12:29:55,300,233,Аналитика,ПРО,8950.0,0.079,False,False,False
92,9950.0,Линейная алгебра,2026-08-21 15:14:39,301,234,Математика,Другое,9950.0,0.0,False,False,False
69,6950.0,К ВУЗу,2026-08-22 04:22:43,302,235,К ВУЗу,Другое,6950.0,0.0,False,False,False
437,8950.0,AI агенты,2026-08-22 08:23:59,303,236,AI агенты,ПРО,8950.0,0.0,False,False,True
218,8475.0,Backend про,2026-08-22 09:03:23,304,237,Backend,ПРО,8950.0,0.053,False,False,False
218,8475.0,Алгоритмы про,2026-08-22 09:03:23,305,237,Алгоритмы,ПРО,8950.0,0.053,False,False,False
156,7475.0,Алгоритмы про,2026-08-22 10:54:14,306,238,Алгоритмы,ПРО,8950.0,0.165,False,False,False
156,7475.0,Алгоритмы старт,2026-08-22 10:54:14,307,238,Алгоритмы,СТАРТ,8950.0,0.165,False,False,False
211,7475.0,AI агенты,2026-08-22 11:08:24,308,239,AI агенты,ПРО,8950.0,0.165,False,False,False
211,7475.0,ML про,2026-08-22 11:08:24,309,239,ML,ПРО,8950.0,0.165,False,False,False
370,5750.0,Backend про,2026-08-22 11:14:12,310,240,Backend,ПРО,8950.0,0.358,False,False,False
277,5750.0,Backend про,2026-08-22 11:24:53,311,241,Backend,ПРО,8950.0,0.358,False,False,False
293,8950.0,Backend про,2026-08-22 11:35:35,312,242,Backend,ПРО,8950.0,0.0,False,False,False
353,8950.0,Аналитика старт,2026-08-22 11:39:22,313,243,Аналитика,СТАРТ,8950.0,0.0,False,False,False
458,8450.0,Backend про,2026-08-22 11:58:37,314,244,Backend,ПРО,8950.0,0.056,False,False,False
87,7475.0,Алгоритмы про,2026-08-22 13:23:20,315,245,Алгоритмы,ПРО,8950.0,0.165,False,False,False
248,7475.0,ML про,2026-08-22 13:43:42,316,246,ML,ПРО,8950.0,0.165,False,False,False
496,8950.0,ML старт,2026-08-22 15:01:37,317,247,ML,СТАРТ,8950.0,0.0,False,False,False
372,7450.0,AI агенты,2026-08-22 15:11:44,318,248,AI агенты,ПРО,8950.0,0.168,False,False,False
525,8950.0,Аналитика старт,2026-08-22 15:39:49,319,249,Аналитика,СТАРТ,8950.0,0.0,False,False,False
600,7450.0,AI агенты,2026-08-22 15:48:13,320,250,AI агенты,ПРО,8950.0,0.168,False,False,False
485,8450.0,Аналитика про,2026-08-22 16:02:00,321,251,Аналитика,ПРО,8950.0,0.056,False,False,False
5,5750.0,ML про,2026-08-22 16:19:00,322,252,ML,ПРО,8950.0,0.358,False,False,False
595,7475.0,AI агенты,2026-08-22 16:55:59,323,253,AI агенты,ПРО,8950.0,0.165,False,False,False
595,7475.0,ML про,2026-08-22 16:55:59,324,253,ML,ПРО,8950.0,0.165,False,False,False
17,9950.0,Алгоритмы,2026-08-22 17:01:20,325,254,Алгоритмы,Другое,8950.0,-0.112,False,False,False
297,8450.0,Алгоритмы,2026-08-22 17:26:07,326,255,Алгоритмы,Другое,8950.0,0.056,False,False,False
240,6450.0,Алгоритмы про,2026-08-22 18:00:15,327,256,Алгоритмы,ПРО,8950.0,0.279,False,False,False
373,7475.0,Алгоритмы про,2026-08-22 18:58:36,328,257,Алгоритмы,ПРО,8950.0,0.165,False,False,False
373,7475.0,Алгоритмы старт,2026-08-22 18:58:36,329,257,Алгоритмы,СТАРТ,8950.0,0.165,False,False,False
220,9950.0,Линейная алгебра,2026-08-22 19:19:35,330,258,Математика,Другое,9950.0,0.0,False,False,False
200,7475.0,Аналитика про,2026-08-22 19:40:16,331,259,Аналитика,ПРО,8950.0,0.165,False,False,False
200,7475.0,Аналитика старт,2026-08-22 19:40:16,332,259,Аналитика,СТАРТ,8950.0,0.165,False,False,False
263,8950.0,ML про,2026-08-22 19:53:10,333,260,ML,ПРО,8950.0,0.0,False,False,False
559,8450.0,Алгоритмы,2026-08-23 04:11:37,334,261,Алгоритмы,Другое,8950.0,0.056,False,False,False
338,7475.0,Аналитика про,2026-08-23 06:47:37,335,262,Аналитика,ПРО,8950.0,0.165,False,False,False
338,7475.0,Аналитика старт,2026-08-23 06:47:37,336,262,Аналитика,СТАРТ,8950.0,0.165,False,False,False
209,8950.0,Backend про,2026-08-23 06:58:29,337,263,Backend,ПРО,8950.0,0.0,False,False,False
221,7475.0,Аналитика про,2026-08-23 07:41:37,338,264,Аналитика,ПРО,8950.0,0.165,False,False,False
221,7475.0,Аналитика старт,2026-08-23 07:41:37,339,264,Аналитика,СТАРТ,8950.0,0.165,False,False,False
118,8450.0,Backend про,2026-08-23 08:24:45,340,265,Backend,ПРО,8950.0,0.056,False,False,False
514,8950.0,ML старт,2026-08-23 09:48:08,341,266,ML,СТАРТ,8950.0,0.0,False,False,False
312,7475.0,Аналитика про,2026-08-23 09:59:13,342,267,Аналитика,ПРО,8950.0,0.165,False,False,False
30,8950.0,ML про,2026-08-23 10:06:51,343,268,ML,ПРО,8950.0,0.0,False,False,False
581,8950.0,ML про,2026-08-23 11:19:47,344,269,ML,ПРО,8950.0,0.0,False,False,False
341,8950.0,ML про,2026-08-23 11:59:04,345,270,ML,ПРО,8950.0,0.0,False,False,False
237,8950.0,AI агенты,2026-08-23 13:29:45,346,271,AI агенты,ПРО,8950.0,0.0,False,False,False
447,8450.0,Backend про,2026-08-23 13:46:56,347,272,Backend,ПРО,8950.0,0.056,False,False,False
98,7475.0,Аналитика про,2026-08-23 14:14:48,348,273,Аналитика,ПРО,8950.0,0.165,False,False,False
98,7475.0,Аналитика старт,2026-08-23 14:14:48,349,273,Аналитика,СТАРТ,8950.0,0.165,False,False,False
580,8950.0,AI агенты,2026-08-23 14:38:29,350,274,AI агенты,ПРО,8950.0,0.0,False,False,False
71,8450.0,Алгоритмы,2026-08-23 14:57:08,351,275,Алгоритмы,Другое,8950.0,0.056,False,False,False
436,8450.0,Алгоритмы про,2026-08-23 15:04:52,352,276,Алгоритмы,ПРО,8950.0,0.056,False,False,False
229,8450.0,AI агенты,2026-08-23 15:38:51,353,277,AI агенты,ПРО,8950.0,0.056,False,False,False
307,8450.0,Аналитика про,2026-08-23 15:39:57,354,278,Аналитика,ПРО,8950.0,0.056,False,False,False
235,8450.0,AI агенты,2026-08-23 16:04:24,355,279,AI агенты,ПРО,8950.0,0.056,False,False,False
430,8000.0,К ВУЗу,2026-08-23 16:17:56,356,280,К ВУЗу,Другое,6950.0,-0.151,False,False,True
172,8950.0,AI агенты,2026-08-23 16:29:57,357,281,AI агенты,ПРО,8950.0,0.0,False,False,False
315,7475.0,AI агенты,2026-08-23 16:40:25,358,282,AI агенты,ПРО,8950.0,0.165,False,False,False
315,7475.0,Backend про,2026-08-23 16:40:25,359,282,Backend,ПРО,8950.0,0.165,False,False,False
149,8950.0,ML про,2026-08-23 16:50:14,360,283,ML,ПРО,8950.0,0.0,False,False,False
290,7475.0,Аналитика старт,2026-08-23 16:53:02,361,284,Аналитика,СТАРТ,8950.0,0.165,False,False,False
557,8950.0,ML про,2026-08-23 16:56:11,362,285,ML,ПРО,8950.0,0.0,False,False,False
513,6975.0,AI агенты,2026-08-23 17:34:10,363,286,AI агенты,ПРО,8950.0,0.221,False,False,False
513,6975.0,Алгоритмы про,2026-08-23 17:34:10,364,286,Алгоритмы,ПРО,8950.0,0.221,False,False,False
424,7475.0,AI агенты,2026-08-23 17:45:31,365,287,AI агенты,ПРО,8950.0,0.165,False,False,False
424,7475.0,Аналитика про,2026-08-23 17:45:31,366,287,Аналитика,ПРО,8950.0,0.165,False,False,False
216,7475.0,AI агенты,2026-08-23 18:13:18,367,288,AI агенты,ПРО,8950.0,0.165,False,False,False
367,8245.0,Аналитика старт,2026-08-23 18:18:15,368,289,Аналитика,СТАРТ,8950.0,0.079,False,False,False
542,8950.0,Backend старт,2026-08-23 18:26:56,369,290,Backend,СТАРТ,8950.0,0.0,False,False,False
107,6975.0,AI агенты,2026-08-23 18:28:17,370,291,AI агенты,ПРО,8950.0,0.221,False,False,False
107,6975.0,Аналитика про,2026-08-23 18:28:17,371,291,Аналитика,ПРО,8950.0,0.221,False,False,False
298,6975.0,Аналитика про,2026-08-23 18:48:14,372,292,Аналитика,ПРО,8950.0,0.221,False,False,False
95,7475.0,AI агенты,2026-08-23 19:08:11,373,293,AI агенты,ПРО,8950.0,0.165,False,False,False
95,7475.0,Аналитика про,2026-08-23 19:08:11,374,293,Аналитика,ПРО,8950.0,0.165,False,False,False
203,7475.0,AI агенты,2026-08-23 20:42:20,375,294,AI агенты,ПРО,8950.0,0.165,False,False,False
203,7475.0,Аналитика про,2026-08-23 20:42:20,376,294,Аналитика,ПРО,8950.0,0.165,False,False,False
539,8950.0,AI агенты,2026-08-23 20:55:41,377,295,AI агенты,ПРО,8950.0,0.0,False,False,False
257,8450.0,Backend про,2026-08-23 20:56:06,378,296,Backend,ПРО,8950.0,0.056,False,False,False
360,8950.0,AI агенты,2026-08-23 20:57:22,379,297,AI агенты,ПРО,8950.0,0.0,False,False,False
213,8950.0,Аналитика про,2026-08-23 20:58:38,380,298,Аналитика,ПРО,8950.0,0.0,False,False,False
104,7475.0,AI агенты,2026-08-23 21:00:30,381,299,AI агенты,ПРО,8950.0,0.165,False,False,False
104,7475.0,ML про,2026-08-23 21:00:30,382,299,ML,ПРО,8950.0,0.165,False,False,False
91,8950.0,ML старт,2026-08-24 00:44:40,383,300,ML,СТАРТ,8950.0,0.0,False,False,False
357,9950.0,Теория вероятностей,2026-08-24 02:46:33,384,301,Математика,Другое,9950.0,0.0,False,False,False
440,7475.0,ML про,2026-08-24 03:20:05,385,302,ML,ПРО,8950.0,0.165,False,False,False
215,6975.0,Алгоритмы про,2026-08-24 03:22:36,386,303,Алгоритмы,ПРО,8950.0,0.221,False,False,False
549,8222.5,AI агенты,2026-08-24 05:25:17,387,304,AI агенты,ПРО,8950.0,0.081,False,False,False
549,8222.5,Backend про,2026-08-24 05:25:17,388,304,Backend,ПРО,8950.0,0.081,False,False,False
425,8503.0,AI агенты,2026-08-24 07:03:39,389,305,AI агенты,ПРО,8950.0,0.05,False,False,False
489,8850.0,ML старт,2026-08-24 08:47:25,390,306,ML,СТАРТ,8950.0,0.011,False,False,False
243,8950.0,AI агенты,2026-08-24 10:40:35,391,307,AI агенты,ПРО,8950.0,0.0,False,False,False
268,8950.0,AI агенты,2026-08-24 12:52:49,392,308,AI агенты,ПРО,8950.0,0.0,False,False,False
529,7475.0,Алгоритмы про,2026-08-24 13:11:03,393,309,Алгоритмы,ПРО,8950.0,0.165,False,False,False
529,7475.0,Алгоритмы старт,2026-08-24 13:11:03,394,309,Алгоритмы,СТАРТ,8950.0,0.165,False,False,False
368,8950.0,Аналитика про,2026-08-24 14:21:10,395,310,Аналитика,ПРО,8950.0,0.0,False,False,False
141,7475.0,Алгоритмы старт,2026-08-24 14:48:12,396,311,Алгоритмы,СТАРТ,8950.0,0.165,False,False,False
192,7475.0,AI агенты,2026-08-24 15:05:04,397,312,AI агенты,ПРО,8950.0,0.165,False,False,False
192,7475.0,ML про,2026-08-24 15:05:04,398,312,ML,ПРО,8950.0,0.165,False,False,False
475,9950.0,Линейная алгебра,2026-08-24 15:16:31,399,313,Математика,Другое,9950.0,0.0,False,False,False
85,8950.0,Аналитика про,2026-08-24 15:57:32,400,314,Аналитика,ПРО,8950.0,0.0,False,False,False
194,8950.0,Алгоритмы старт,2026-08-24 16:25:21,401,315,Алгоритмы,СТАРТ,8950.0,0.0,False,False,False
111,8950.0,Аналитика про,2026-08-24 16:49:26,402,316,Аналитика,ПРО,8950.0,0.0,False,False,False
299,8950.0,Аналитика про,2026-08-24 16:58:19,403,317,Аналитика,ПРО,8950.0,0.0,False,False,False
201,6950.0,Data Science,2026-08-24 17:28:20,404,318,Data,Другое,6950.0,0.0,False,False,False
263,6000.0,AI агенты,2026-08-25 03:19:38,405,319,AI агенты,ПРО,8950.0,0.33,False,False,False
583,8950.0,AI агенты,2026-08-25 04:27:38,406,320,AI агенты,ПРО,8950.0,0.0,False,False,False
168,7475.0,AI агенты,2026-08-25 06:26:04,407,321,AI агенты,ПРО,8950.0,0.165,False,False,False
168,7475.0,ML про,2026-08-25 06:26:04,408,321,ML,ПРО,8950.0,0.165,False,False,False
165,8450.0,Аналитика про,2026-08-25 07:21:38,409,322,Аналитика,ПРО,8950.0,0.056,False,False,False
455,8950.0,Backend старт,2026-08-25 07:53:50,410,323,Backend,СТАРТ,8950.0,0.0,False,False,False
148,7475.0,AI агенты,2026-08-25 09:49:25,411,324,AI агенты,ПРО,8950.0,0.165,False,False,False
116,7475.0,АВ тестам,2026-08-25 10:01:02,412,325,Аналитика,Другое,8950.0,0.165,False,False,False
116,7475.0,Аналитика про,2026-08-25 10:01:02,413,325,Аналитика,ПРО,8950.0,0.165,False,False,False
121,8950.0,AI агенты,2026-08-25 11:38:56,414,326,AI агенты,ПРО,8950.0,0.0,False,False,False
138,5750.0,ML про,2026-08-25 12:39:08,415,327,ML,ПРО,8950.0,0.358,False,False,False
463,8950.0,ML про,2026-08-25 13:16:31,416,328,ML,ПРО,8950.0,0.0,False,False,False
560,8950.0,AI агенты,2026-08-25 14:09:51,417,329,AI агенты,ПРО,8950.0,0.0,False,False,False
140,8450.0,Аналитика старт,2026-08-25 16:01:50,418,330,Аналитика,СТАРТ,8950.0,0.056,False,False,False
202,7475.0,AI агенты,2026-08-25 19:24:14,419,331,AI агенты,ПРО,8950.0,0.165,False,False,False
202,7475.0,Backend про,2026-08-25 19:24:14,420,331,Backend,ПРО,8950.0,0.165,False,False,False
452,8450.0,AI агенты,2026-08-25 21:09:34,421,332,AI агенты,ПРО,8950.0,0.056,False,False,False
269,7475.0,Backend про,2026-08-25 22:26:03,422,333,Backend,ПРО,8950.0,0.165,False,False,False
163,8450.0,AI агенты,2026-08-26 01:23:32,423,334,AI агенты,ПРО,8950.0,0.056,False,False,False
418,7475.0,Backend про,2026-08-26 04:03:43,424,335,Backend,ПРО,8950.0,0.165,False,False,False
418,7475.0,Backend старт,2026-08-26 04:03:43,425,335,Backend,СТАРТ,8950.0,0.165,False,False,False
552,7475.0,Аналитика про,2026-08-26 04:37:12,426,336,Аналитика,ПРО,8950.0,0.165,False,False,False
605,8950.0,Алгоритмы про,2026-08-26 07:26:53,427,337,Алгоритмы,ПРО,8950.0,0.0,False,False,False
178,8950.0,AI агенты,2026-08-26 09:15:13,428,338,AI агенты,ПРО,8950.0,0.0,False,False,False
599,8950.0,Аналитика старт,2026-08-26 12:25:10,429,339,Аналитика,СТАРТ,8950.0,0.0,False,False,False
466,8950.0,ML про,2026-08-26 13:56:39,430,340,ML,ПРО,8950.0,0.0,False,False,False
255,8950.0,ML старт,2026-08-26 14:52:53,431,341,ML,СТАРТ,8950.0,0.0,False,False,False
587,8450.0,AI агенты,2026-08-26 21:47:21,432,342,AI агенты,ПРО,8950.0,0.056,False,False,False
136,7475.0,AI агенты,2026-08-27 08:57:04,433,343,AI агенты,ПРО,8950.0,0.165,False,False,False
136,7475.0,Backend про,2026-08-27 08:57:04,434,343,Backend,ПРО,8950.0,0.165,False,False,False
506,8950.0,AI агенты,2026-08-27 12:29:06,435,344,AI агенты,ПРО,8950.0,0.0,False,False,False
526,8950.0,AI агенты,2026-08-27 13:32:56,436,345,AI агенты,ПРО,8950.0,0.0,False,False,False
185,6975.0,AI агенты,2026-08-27 14:36:47,437,346,AI агенты,ПРО,8950.0,0.221,False,False,False
185,6975.0,ML про,2026-08-27 14:36:47,438,346,ML,ПРО,8950.0,0.221,False,False,False
568,7475.0,ML старт,2026-08-27 15:10:07,439,347,ML,СТАРТ,8950.0,0.165,False,False,False
568,7475.0,Аналитика про,2026-08-27 15:10:07,440,347,Аналитика,ПРО,8950.0,0.165,False,False,False
191,7462.5,AI агенты,2026-08-27 15:11:14,441,348,AI агенты,ПРО,8950.0,0.166,False,False,False
191,7462.5,Алгоритмы,2026-08-27 15:11:14,442,348,Алгоритмы,Другое,8950.0,0.166,False,False,False
191,7462.5,Мат анализ,2026-08-27 15:11:14,443,348,Математика,Другое,9950.0,0.25,False,False,False
191,7462.5,Теория вероятностей,2026-08-27 15:11:14,444,348,Математика,Другое,9950.0,0.25,False,False,False
39,9950.0,Мат анализ,2026-08-27 17:02:28,445,349,Математика,Другое,9950.0,0.0,False,False,False
61,6975.0,ML про,2026-08-27 19:44:33,446,350,ML,ПРО,8950.0,0.221,False,False,False
61,6975.0,ML старт,2026-08-27 19:44:33,447,350,ML,СТАРТ,8950.0,0.221,False,False,False
11,6975.0,ML старт,2026-08-27 20:09:27,448,351,ML,СТАРТ,8950.0,0.221,False,False,False
122,7475.0,ML про,2026-08-27 20:55:44,449,352,ML,ПРО,8950.0,0.165,False,False,False
122,7475.0,ML старт,2026-08-27 20:55:44,450,352,ML,СТАРТ,8950.0,0.165,False,False,False
177,8950.0,Аналитика старт,2026-08-28 10:47:56,451,353,Аналитика,СТАРТ,8950.0,0.0,False,False,False
219,9950.0,Мат анализ,2026-08-28 13:23:53,452,354,Математика,Другое,9950.0,0.0,False,False,False
322,7475.0,ML про,2026-08-28 14:03:47,453,355,ML,ПРО,8950.0,0.165,False,False,False
322,7475.0,Алгоритмы старт,2026-08-28 14:03:47,454,355,Алгоритмы,СТАРТ,8950.0,0.165,False,False,False
289,8950.0,AI агенты,2026-08-28 16:24:51,455,356,AI агенты,ПРО,8950.0,0.0,False,False,False
29,8450.0,Backend старт,2026-08-28 18:20:56,456,357,Backend,СТАРТ,8950.0,0.056,False,False,False
314,8950.0,Аналитика старт,2026-08-28 18:44:36,457,358,Аналитика,СТАРТ,8950.0,0.0,False,False,False
236,7475.0,ML про,2026-08-29 05:27:29,458,359,ML,ПРО,8950.0,0.165,False,False,False
340,5975.0,АВ тестам,2026-08-29 09:29:52,459,360,Аналитика,Другое,8950.0,0.332,False,False,False
340,5975.0,Аналитика старт,2026-08-29 09:29:52,460,360,Аналитика,СТАРТ,8950.0,0.332,False,False,False
393,9450.0,Мат анализ,2026-08-29 09:45:18,461,361,Математика,Другое,9950.0,0.05,False,False,False
144,4475.0,Аналитика про,2026-08-29 11:51:08,462,362,Аналитика,ПРО,8950.0,0.5,False,False,True
144,4475.0,Аналитика старт,2026-08-29 11:51:08,463,362,Аналитика,СТАРТ,8950.0,0.5,False,False,False
242,8950.0,ML про,2026-08-29 13:44:52,464,363,ML,ПРО,8950.0,0.0,False,False,False
27,8950.0,ML про,2026-08-29 14:47:39,465,364,ML,ПРО,8950.0,0.0,False,False,False
99,8450.0,AI агенты,2026-08-29 19:35:36,466,365,AI агенты,ПРО,8950.0,0.056,False,False,False
483,8450.0,AI агенты,2026-08-29 19:38:52,467,366,AI агенты,ПРО,8950.0,0.056,False,False,False
432,8950.0,Backend про,2026-08-29 19:39:58,468,367,Backend,ПРО,8950.0,0.0,False,False,False
585,6975.0,AI агенты,2026-08-29 19:40:39,469,368,AI агенты,ПРО,8950.0,0.221,False,False,False
585,6975.0,ML про,2026-08-29 19:40:39,470,368,ML,ПРО,8950.0,0.221,False,False,False
285,6975.0,AI агенты,2026-08-30 08:22:49,471,369,AI агенты,ПРО,8950.0,0.221,False,False,False
285,6975.0,ML про,2026-08-30 08:22:49,472,369,ML,ПРО,8950.0,0.221,False,False,False
535,7475.0,Backend старт,2026-08-30 08:24:30,473,370,Backend,СТАРТ,8950.0,0.165,False,False,False
535,7475.0,Алгоритмы старт,2026-08-30 08:24:30,474,370,Алгоритмы,СТАРТ,8950.0,0.165,False,False,False
573,8950.0,AI агенты,2026-08-30 09:39:42,475,371,AI агенты,ПРО,8950.0,0.0,False,False,False
531,8950.0,Backend старт,2026-08-30 10:04:17,476,372,Backend,СТАРТ,8950.0,0.0,False,False,False
432,8545.0,AI агенты,2026-08-30 10:31:12,477,373,AI агенты,ПРО,8950.0,0.045,False,False,False
411,8545.0,AI агенты,2026-08-30 11:21:33,478,374,AI агенты,ПРО,8950.0,0.045,False,False,False
284,6975.0,ML про,2026-08-30 11:56:49,479,375,ML,ПРО,8950.0,0.221,False,False,False
534,8450.0,AI агенты,2026-08-30 12:55:04,480,376,AI агенты,ПРО,8950.0,0.056,False,False,False
145,8950.0,Аналитика про,2026-08-30 13:06:05,481,377,Аналитика,ПРО,8950.0,0.0,False,False,False
81,8450.0,AI агенты,2026-08-30 13:44:26,482,378,AI агенты,ПРО,8950.0,0.056,False,False,False
76,6975.0,Алгоритмы про,2026-08-30 14:48:44,483,379,Алгоритмы,ПРО,8950.0,0.221,False,False,False
76,6975.0,Аналитика про,2026-08-30 14:48:44,484,379,Аналитика,ПРО,8950.0,0.221,False,False,False
565,6975.0,Алгоритмы про,2026-08-30 15:30:24,485,380,Алгоритмы,ПРО,8950.0,0.221,False,False,False
565,6975.0,Алгоритмы старт,2026-08-30 15:30:24,486,380,Алгоритмы,СТАРТ,8950.0,0.221,False,False,False
437,1000.0,AI агенты,2026-08-30 16:16:42,487,381,AI агенты,ПРО,8950.0,0.888,True,False,True
253,8950.0,AI агенты,2026-08-30 17:04:49,488,382,AI агенты,ПРО,8950.0,0.0,False,False,False
241,8950.0,Backend старт,2026-08-30 17:07:59,489,383,Backend,СТАРТ,8950.0,0.0,False,False,False
25,8450.0,ML про,2026-08-30 18:34:15,490,384,ML,ПРО,8950.0,0.056,False,False,False
566,8450.0,ML про,2026-08-30 18:45:42,491,385,ML,ПРО,8950.0,0.056,False,False,False
274,6975.0,Аналитика про,2026-08-30 23:37:30,492,386,Аналитика,ПРО,8950.0,0.221,False,False,False
14,8950.0,AI агенты,2026-08-30 23:52:21,493,387,AI агенты,ПРО,8950.0,0.0,False,False,False
90,6975.0,Алгоритмы старт,2026-08-31 01:05:18,494,388,Алгоритмы,СТАРТ,8950.0,0.221,False,False,False
538,7475.0,Backend старт,2026-08-31 06:14:52,495,389,Backend,СТАРТ,8950.0,0.165,False,False,False
538,7475.0,Алгоритмы старт,2026-08-31 06:14:52,496,389,Алгоритмы,СТАРТ,8950.0,0.165,False,False,False
157,7475.0,AI агенты,2026-08-31 06:39:53,497,390,AI агенты,ПРО,8950.0,0.165,False,False,False
157,7475.0,ML про,2026-08-31 06:39:53,498,390,ML,ПРО,8950.0,0.165,False,False,False
134,6975.0,Алгоритмы про,2026-08-31 08:06:47,499,391,Алгоритмы,ПРО,8950.0,0.221,False,False,False
267,8950.0,Аналитика про,2026-08-31 08:26:17,500,392,Аналитика,ПРО,8950.0,0.0,False,False,False
387,8545.0,AI агенты,2026-08-31 09:09:41,501,393,AI агенты,ПРО,8950.0,0.045,False,False,False
403,8950.0,Backend про,2026-08-31 10:18:44,502,394,Backend,ПРО,8950.0,0.0,False,False,False
497,8950.0,Backend про,2026-08-31 12:11:14,503,395,Backend,ПРО,8950.0,0.0,False,False,False
26,8975.0,Backend про,2026-08-31 14:03:44,504,396,Backend,ПРО,8950.0,-0.003,False,False,False
26,8975.0,Дискретка,2026-08-31 14:03:44,505,396,Математика,Другое,8950.0,-0.003,False,False,False
503,7471.5,Аналитика про,2026-08-31 14:40:32,506,397,Аналитика,ПРО,8950.0,0.165,False,False,False
503,7471.5,Аналитика старт,2026-08-31 14:40:32,507,397,Аналитика,СТАРТ,8950.0,0.165,False,False,False
4,8950.0,AI агенты,2026-08-31 15:42:34,508,398,AI агенты,ПРО,8950.0,0.0,False,False,False
599,8950.0,Аналитика про,2026-08-31 16:05:26,509,399,Аналитика,ПРО,8950.0,0.0,False,False,False
305,7475.0,Алгоритмы про,2026-08-31 17:03:19,510,400,Алгоритмы,ПРО,8950.0,0.165,False,False,False
305,7475.0,Алгоритмы старт,2026-08-31 17:03:19,511,400,Алгоритмы,СТАРТ,8950.0,0.165,False,False,False
239,8450.0,Аналитика про,2026-08-31 17:06:09,512,401,Аналитика,ПРО,8950.0,0.056,False,False,False
77,8450.0,Аналитика про,2026-08-31 17:54:30,513,402,Аналитика,ПРО,8950.0,0.056,False,False,False
171,8950.0,Аналитика про,2026-08-31 18:20:33,514,403,Аналитика,ПРО,8950.0,0.0,False,False,False
272,8950.0,Аналитика про,2026-08-31 18:34:40,515,404,Аналитика,ПРО,8950.0,0.0,False,False,False
324,8450.0,AI агенты,2026-08-31 19:22:31,516,405,AI агенты,ПРО,8950.0,0.056,False,False,False
301,8975.0,ML старт,2026-08-31 20:57:15,517,406,ML,СТАРТ,8950.0,-0.003,False,False,False
301,8975.0,Аналитика старт,2026-08-31 20:57:15,518,406,Аналитика,СТАРТ,8950.0,-0.003,False,False,False
390,8975.0,Аналитика старт,2026-09-01 02:23:30,519,407,Аналитика,СТАРТ,8950.0,-0.003,False,False,False
189,8945.0,Аналитика старт,2026-09-01 07:49:46,520,408,Аналитика,СТАРТ,8950.0,0.001,False,False,False
495,7475.0,ML про,2026-09-01 10:30:21,521,409,ML,ПРО,8950.0,0.165,False,False,False
495,7475.0,ML старт,2026-09-01 10:30:21,522,409,ML,СТАРТ,8950.0,0.165,False,False,False
296,8950.0,Аналитика старт,2026-09-01 10:46:43,523,410,Аналитика,СТАРТ,8950.0,0.0,False,False,False
195,8450.0,AI агенты,2026-09-01 10:54:53,524,411,AI агенты,ПРО,8950.0,0.056,False,False,False
524,8945.0,Аналитика про,2026-09-01 11:54:01,525,412,Аналитика,ПРО,8950.0,0.001,False,False,False
423,7475.0,ML про,2026-09-01 12:44:58,526,413,ML,ПРО,8950.0,0.165,False,False,False
115,8945.0,Аналитика про,2026-09-01 13:09:50,527,414,Аналитика,ПРО,8950.0,0.001,False,False,False
247,7475.0,ML про,2026-09-01 14:59:35,528,415,ML,ПРО,8950.0,0.165,False,False,False
247,7475.0,ML старт,2026-09-01 14:59:35,529,415,ML,СТАРТ,8950.0,0.165,False,False,False
144,8950.0,Аналитика про,2026-09-01 15:30:39,530,416,Аналитика,ПРО,8950.0,0.0,False,False,True
547,7475.0,Backend про,2026-09-01 15:53:22,531,417,Backend,ПРО,8950.0,0.165,False,False,False
547,7475.0,Алгоритмы про,2026-09-01 15:53:22,532,417,Алгоритмы,ПРО,8950.0,0.165,False,False,False
226,7475.0,ML старт,2026-09-01 17:03:44,533,418,ML,СТАРТ,8950.0,0.165,False,False,False
34,8945.0,Аналитика про,2026-09-01 17:23:37,534,419,Аналитика,ПРО,8950.0,0.001,False,False,False
231,8245.0,Алгоритмы,2026-09-01 18:08:01,535,420,Алгоритмы,Другое,8950.0,0.079,False,False,False
231,8245.0,Дискретка,2026-09-01 18:08:01,536,420,Математика,Другое,8950.0,0.079,False,False,False
231,8245.0,Линейная алгебра,2026-09-01 18:08:01,537,420,Математика,Другое,9950.0,0.171,False,False,False
231,8245.0,Мат анализ,2026-09-01 18:08:01,538,420,Математика,Другое,9950.0,0.171,False,False,False
231,8245.0,Теория вероятностей,2026-09-01 18:08:01,539,420,Математика,Другое,9950.0,0.171,False,False,False
181,8950.0,Аналитика про,2026-09-01 18:44:37,540,421,Аналитика,ПРО,8950.0,0.0,False,False,False
343,8950.0,ML старт,2026-09-01 19:07:54,541,422,ML,СТАРТ,8950.0,0.0,False,False,False
114,6975.0,AI агенты,2026-09-01 19:16:56,542,423,AI агенты,ПРО,8950.0,0.221,False,False,False
114,6975.0,ML про,2026-09-01 19:16:56,543,423,ML,ПРО,8950.0,0.221,False,False,False
88,8950.0,AI агенты,2026-09-01 19:27:16,544,424,AI агенты,ПРО,8950.0,0.0,False,False,False
139,6975.0,AI агенты,2026-09-01 20:30:07,545,425,AI агенты,ПРО,8950.0,0.221,False,False,False
139,6975.0,ML старт,2026-09-01 20:30:07,546,425,ML,СТАРТ,8950.0,0.221,False,False,False
37,5750.0,Backend про,2026-09-02 04:13:14,547,426,Backend,ПРО,8950.0,0.358,False,False,False
558,8245.0,Линейная алгебра,2026-09-02 08:49:58,548,427,Математика,Другое,9950.0,0.171,False,False,False
288,8945.0,Аналитика про,2026-09-02 08:57:12,549,428,Аналитика,ПРО,8950.0,0.001,False,False,False
486,8950.0,Backend про,2026-09-02 09:28:52,550,429,Backend,ПРО,8950.0,0.0,False,False,False
555,7475.0,Алгоритмы про,2026-09-02 09:38:46,551,430,Алгоритмы,ПРО,8950.0,0.165,False,False,False
555,7475.0,Алгоритмы старт,2026-09-02 09:38:46,552,430,Алгоритмы,СТАРТ,8950.0,0.165,False,False,False
551,8950.0,Backend про,2026-09-02 09:58:19,553,431,Backend,ПРО,8950.0,0.0,False,False,False
419,7475.0,ML про,2026-09-02 10:06:52,554,432,ML,ПРО,8950.0,0.165,False,False,False
419,7475.0,Алгоритмы про,2026-09-02 10:06:52,555,432,Алгоритмы,ПРО,8950.0,0.165,False,False,False
182,8950.0,Backend про,2026-09-02 10:14:11,556,433,Backend,ПРО,8950.0,0.0,False,False,False
244,8950.0,Алгоритмы старт,2026-09-02 10:24:40,557,434,Алгоритмы,СТАРТ,8950.0,0.0,False,False,False
50,8950.0,Алгоритмы старт,2026-09-02 10:32:55,558,435,Алгоритмы,СТАРТ,8950.0,0.0,False,False,False
541,7475.0,Алгоритмы старт,2026-09-02 10:48:17,559,436,Алгоритмы,СТАРТ,8950.0,0.165,False,False,False
541,7475.0,Аналитика старт,2026-09-02 10:48:17,560,436,Аналитика,СТАРТ,8950.0,0.165,False,False,False
523,8450.0,Backend про,2026-09-02 11:00:48,561,437,Backend,ПРО,8950.0,0.056,False,False,False
266,10000.0,Мат анализ,2026-09-02 11:33:22,562,438,Математика,Другое,9950.0,-0.005,False,False,False
128,8945.0,Аналитика про,2026-09-02 11:55:47,563,439,Аналитика,ПРО,8950.0,0.001,False,False,False
385,5975.0,АВ тестам,2026-09-02 14:17:34,564,440,Аналитика,Другое,8950.0,0.332,False,False,False
385,5975.0,Аналитика старт,2026-09-02 14:17:34,565,440,Аналитика,СТАРТ,8950.0,0.332,False,False,False
355,8450.0,Backend про,2026-09-02 14:30:26,566,441,Backend,ПРО,8950.0,0.056,False,False,False
572,8945.0,Аналитика про,2026-09-02 14:54:22,567,442,Аналитика,ПРО,8950.0,0.001,False,False,False
422,9450.0,Теория вероятностей,2026-09-02 15:30:05,568,443,Математика,Другое,9950.0,0.05,False,False,False
493,9950.0,Линейная алгебра,2026-09-02 16:44:53,569,444,Математика,Другое,9950.0,0.0,False,False,False
264,4225.0,Backend про,2026-09-02 18:37:57,570,445,Backend,ПРО,8950.0,0.528,False,False,False
264,4225.0,Алгоритмы,2026-09-02 18:37:57,571,445,Алгоритмы,Другое,8950.0,0.528,False,False,False
6,8450.0,Аналитика про,2026-09-02 19:16:28,572,446,Аналитика,ПРО,8950.0,0.056,False,False,False
404,7475.0,Алгоритмы про,2026-09-02 19:30:00,573,447,Алгоритмы,ПРО,8950.0,0.165,False,False,False
35,4225.0,Backend про,2026-09-02 22:38:59,574,448,Backend,ПРО,8950.0,0.528,False,False,False
450,8950.0,Backend про,2026-09-03 06:06:37,575,449,Backend,ПРО,8950.0,0.0,False,False,False
504,5975.0,Аналитика старт,2026-09-03 06:27:49,576,450,Аналитика,СТАРТ,8950.0,0.332,False,False,False
273,8950.0,ML про,2026-09-03 08:17:51,577,451,ML,ПРО,8950.0,0.0,False,False,False
508,5750.0,Backend про,2026-09-03 08:29:32,578,452,Backend,ПРО,8950.0,0.358,False,False,False
395,8950.0,ML про,2026-09-03 11:18:32,579,453,ML,ПРО,8950.0,0.0,False,False,False
271,7475.0,ML про,2026-09-03 12:55:50,580,454,ML,ПРО,8950.0,0.165,False,False,False
271,7475.0,Алгоритмы про,2026-09-03 12:55:50,581,454,Алгоритмы,ПРО,8950.0,0.165,False,False,False
9,8950.0,Аналитика про,2026-09-03 14:55:45,582,455,Аналитика,ПРО,8950.0,0.0,False,False,False
205,8950.0,Аналитика про,2026-09-03 15:01:50,583,456,Аналитика,ПРО,8950.0,0.0,False,False,False
230,8950.0,Аналитика про,2026-09-03 15:07:18,584,457,Аналитика,ПРО,8950.0,0.0,False,False,False
330,7475.0,Аналитика про,2026-09-03 15:10:16,585,458,Аналитика,ПРО,8950.0,0.165,False,False,False
330,7475.0,Аналитика старт,2026-09-03 15:10:16,586,458,Аналитика,СТАРТ,8950.0,0.165,False,False,False
376,6950.0,К ВУЗу,2026-09-03 15:43:04,587,459,К ВУЗу,Другое,6950.0,0.0,False,False,False
352,8450.0,Алгоритмы про,2026-09-03 16:22:06,588,460,Алгоритмы,ПРО,8950.0,0.056,False,False,False
345,8950.0,Аналитика про,2026-09-03 16:33:15,589,461,Аналитика,ПРО,8950.0,0.0,False,False,False
252,8950.0,Backend про,2026-09-03 16:36:15,590,462,Backend,ПРО,8950.0,0.0,False,False,False
318,8450.0,Аналитика про,2026-09-03 17:23:38,591,463,Аналитика,ПРО,8950.0,0.056,False,False,False
402,8450.0,ML про,2026-09-03 17:30:08,592,464,ML,ПРО,8950.0,0.056,False,False,False
594,5000.0,AI агенты,2026-09-03 18:16:38,593,465,AI агенты,ПРО,8950.0,0.441,False,False,False
561,18900.0,Теория вероятностей,2026-09-03 18:55:28,594,466,Математика,Другое,9950.0,-0.899,False,True,False
409,5000.0,AI агенты,2026-09-03 21:58:56,595,467,AI агенты,ПРО,8950.0,0.441,False,False,False
3,5975.0,АВ тестам,2026-09-03 22:47:02,596,468,Аналитика,Другое,8950.0,0.332,False,False,False
601,7475.0,AI агенты,2026-09-04 04:51:49,597,469,AI агенты,ПРО,8950.0,0.165,False,False,False
601,7475.0,ML про,2026-09-04 04:51:49,598,469,ML,ПРО,8950.0,0.165,False,False,False
601,7475.0,ML старт,2026-09-04 04:51:49,599,469,ML,СТАРТ,8950.0,0.165,False,False,False
363,8945.0,Backend про,2026-09-04 06:28:52,600,470,Backend,ПРО,8950.0,0.001,False,False,False
124,9950.0,Линейная алгебра,2026-09-04 06:34:32,601,471,Математика,Другое,9950.0,0.0,False,False,False
490,8450.0,AI агенты,2026-09-04 10:01:44,602,472,AI агенты,ПРО,8950.0,0.056,False,False,False
326,7475.0,Аналитика про,2026-09-04 10:55:46,603,473,Аналитика,ПРО,8950.0,0.165,False,False,False
326,7475.0,Аналитика старт,2026-09-04 10:55:46,604,473,Аналитика,СТАРТ,8950.0,0.165,False,False,False
590,8945.0,Backend про,2026-09-04 11:04:11,605,474,Backend,ПРО,8950.0,0.001,False,False,False
379,7475.0,Аналитика про,2026-09-04 11:44:55,606,475,Аналитика,ПРО,8950.0,0.165,False,False,False
317,8950.0,Аналитика про,2026-09-04 13:16:14,607,476,Аналитика,ПРО,8950.0,0.0,False,False,False
354,8245.0,Дискретка,2026-09-04 13:47:25,608,477,Математика,Другое,8950.0,0.079,False,False,False
383,8950.0,Аналитика про,2026-09-04 14:11:02,609,478,Аналитика,ПРО,8950.0,0.0,False,False,False
375,7000.0,Алгоритмы про,2026-09-04 14:19:28,610,479,Алгоритмы,ПРО,8950.0,0.218,False,False,False
582,8950.0,Аналитика старт,2026-09-04 15:03:52,611,480,Аналитика,СТАРТ,8950.0,0.0,False,False,False
378,8950.0,Аналитика про,2026-09-04 15:08:47,612,481,Аналитика,ПРО,8950.0,0.0,False,False,False
28,7475.0,Аналитика про,2026-09-04 15:15:34,613,482,Аналитика,ПРО,8950.0,0.165,False,False,False
28,7475.0,Аналитика старт,2026-09-04 15:15:34,614,482,Аналитика,СТАРТ,8950.0,0.165,False,False,False
302,7475.0,Аналитика про,2026-09-04 15:20:47,615,483,Аналитика,ПРО,8950.0,0.165,False,False,False
303,7475.0,ML про,2026-09-04 15:21:52,616,484,ML,ПРО,8950.0,0.165,False,False,False
303,7475.0,ML старт,2026-09-04 15:21:52,617,484,ML,СТАРТ,8950.0,0.165,False,False,False
15,8450.0,Аналитика про,2026-09-04 15:26:00,618,485,Аналитика,ПРО,8950.0,0.056,False,False,False
197,7475.0,AI агенты,2026-09-04 15:39:31,619,486,AI агенты,ПРО,8950.0,0.165,False,False,False
197,7475.0,Backend про,2026-09-04 15:39:31,620,486,Backend,ПРО,8950.0,0.165,False,False,False
574,7475.0,ML про,2026-09-04 16:29:01,621,487,ML,ПРО,8950.0,0.165,False,False,False
198,7475.0,Аналитика старт,2026-09-04 16:44:57,622,488,Аналитика,СТАРТ,8950.0,0.165,False,False,False
576,7475.0,ML старт,2026-09-04 17:26:34,623,489,ML,СТАРТ,8950.0,0.165,False,False,False
471,9950.0,Линейная алгебра,2026-09-04 18:12:51,624,490,Математика,Другое,9950.0,0.0,False,False,False
428,8950.0,ML про,2026-09-04 18:33:44,625,491,ML,ПРО,8950.0,0.0,False,False,False
428,8950.0,ML старт,2026-09-04 18:33:44,626,491,ML,СТАРТ,8950.0,0.0,False,False,False
94,8950.0,Backend про,2026-09-04 18:49:47,627,492,Backend,ПРО,8950.0,0.0,False,False,False
1,8950.0,Аналитика старт,2026-09-04 19:30:57,628,493,Аналитика,СТАРТ,8950.0,0.0,False,False,False
384,8450.0,Аналитика про,2026-09-04 20:38:50,629,494,Аналитика,ПРО,8950.0,0.056,False,False,False
43,6475.0,АВ тестам,2026-09-05 07:16:30,630,495,Аналитика,Другое,8950.0,0.277,False,False,False
43,6475.0,Аналитика старт,2026-09-05 07:16:30,631,495,Аналитика,СТАРТ,8950.0,0.277,False,False,False
309,8950.0,ML про,2026-09-05 09:55:40,632,496,ML,ПРО,8950.0,0.0,False,False,False
502,8450.0,ML про,2026-09-05 10:11:25,633,497,ML,ПРО,8950.0,0.056,False,False,False
591,8450.0,AI агенты,2026-09-05 10:13:46,634,498,AI агенты,ПРО,8950.0,0.056,False,False,False
394,8950.0,Алгоритмы про,2026-09-05 10:17:43,635,499,Алгоритмы,ПРО,8950.0,0.0,False,False,False
155,7475.0,Backend про,2026-09-05 10:20:56,636,500,Backend,ПРО,8950.0,0.165,False,False,False
155,7475.0,Backend старт,2026-09-05 10:20:56,637,500,Backend,СТАРТ,8950.0,0.165,False,False,False
533,8450.0,AI агенты,2026-09-05 10:24:14,638,501,AI агенты,ПРО,8950.0,0.056,False,False,False
510,8950.0,AI агенты,2026-09-05 10:34:42,639,502,AI агенты,ПРО,8950.0,0.0,False,False,False
328,7475.0,ML про,2026-09-05 10:58:26,640,503,ML,ПРО,8950.0,0.165,False,False,False
328,7475.0,Аналитика про,2026-09-05 10:58:26,641,503,Аналитика,ПРО,8950.0,0.165,False,False,False
31,7475.0,ML про,2026-09-05 11:00:21,642,504,ML,ПРО,8950.0,0.165,False,False,False
397,8950.0,Аналитика старт,2026-09-05 11:02:15,643,505,Аналитика,СТАРТ,8950.0,0.0,False,False,False
487,7475.0,ML про,2026-09-05 11:02:17,644,506,ML,ПРО,8950.0,0.165,False,False,False
487,7475.0,ML старт,2026-09-05 11:02:17,645,506,ML,СТАРТ,8950.0,0.165,False,False,False
515,8450.0,Аналитика про,2026-09-05 12:09:36,646,507,Аналитика,ПРО,8950.0,0.056,False,False,False
155,7000.0,Алгоритмы старт,2026-09-05 12:13:44,647,508,Алгоритмы,СТАРТ,8950.0,0.218,False,False,False
117,8450.0,Аналитика про,2026-09-05 12:34:35,648,509,Аналитика,ПРО,8950.0,0.056,False,False,False
517,8950.0,Аналитика про,2026-09-05 12:48:03,649,510,Аналитика,ПРО,8950.0,0.0,False,False,False
238,8950.0,Backend про,2026-09-05 13:28:56,650,511,Backend,ПРО,8950.0,0.0,False,False,False
406,8450.0,ML про,2026-09-05 13:55:08,651,512,ML,ПРО,8950.0,0.056,False,False,False
270,8950.0,Аналитика про,2026-09-05 14:08:51,652,513,Аналитика,ПРО,8950.0,0.0,False,False,False
48,8950.0,Backend про,2026-09-05 14:24:29,653,514,Backend,ПРО,8950.0,0.0,False,False,False
405,8950.0,Backend старт,2026-09-05 14:29:26,654,515,Backend,СТАРТ,8950.0,0.0,False,False,False
18,8950.0,Алгоритмы про,2026-09-05 14:29:29,655,516,Алгоритмы,ПРО,8950.0,0.0,False,False,False
362,8450.0,ML про,2026-09-05 14:52:23,656,517,ML,ПРО,8950.0,0.056,False,False,False
250,7475.0,Backend про,2026-09-05 14:54:24,657,518,Backend,ПРО,8950.0,0.165,False,False,False
250,7475.0,Backend старт,2026-09-05 14:54:24,658,518,Backend,СТАРТ,8950.0,0.165,False,False,False
540,8950.0,Аналитика про,2026-09-05 14:57:41,659,519,Аналитика,ПРО,8950.0,0.0,False,False,False
461,7475.0,Аналитика про,2026-09-05 15:01:05,660,520,Аналитика,ПРО,8950.0,0.165,False,False,False
461,7475.0,Аналитика старт,2026-09-05 15:01:05,661,520,Аналитика,СТАРТ,8950.0,0.165,False,False,False
556,7475.0,Аналитика про,2026-09-05 15:17:14,662,521,Аналитика,ПРО,8950.0,0.165,False,False,False
431,8950.0,Алгоритмы старт,2026-09-05 15:28:29,663,522,Алгоритмы,СТАРТ,8950.0,0.0,False,False,False
169,8950.0,Аналитика про,2026-09-05 15:47:16,664,523,Аналитика,ПРО,8950.0,0.0,False,False,False
245,8950.0,Backend про,2026-09-05 15:54:58,665,524,Backend,ПРО,8950.0,0.0,False,False,False
2,8950.0,ML про,2026-09-05 16:22:48,666,525,ML,ПРО,8950.0,0.0,False,False,False
414,8950.0,ML про,2026-09-05 16:25:16,667,526,ML,ПРО,8950.0,0.0,False,False,False
596,8950.0,ML про,2026-09-05 16:26:36,668,527,ML,ПРО,8950.0,0.0,False,False,False
67,8950.0,ML про,2026-09-05 17:04:40,669,528,ML,ПРО,8950.0,0.0,False,False,False
210,7475.0,Аналитика старт,2026-09-05 17:12:38,670,529,Аналитика,СТАРТ,8950.0,0.165,False,False,False
127,8950.0,ML про,2026-09-05 17:27:41,671,530,ML,ПРО,8950.0,0.0,False,False,False
602,8450.0,Backend про,2026-09-05 17:42:39,672,531,Backend,ПРО,8950.0,0.056,False,False,False
109,8950.0,ML про,2026-09-05 17:57:36,673,532,ML,ПРО,8950.0,0.0,False,False,False
398,8950.0,ML про,2026-09-05 18:06:36,674,533,ML,ПРО,8950.0,0.0,False,False,False
350,8450.0,Аналитика про,2026-09-05 18:12:55,675,534,Аналитика,ПРО,8950.0,0.056,False,False,False
24,8950.0,ML про,2026-09-05 18:23:21,676,535,ML,ПРО,8950.0,0.0,False,False,False
553,8950.0,ML про,2026-09-05 18:27:14,677,536,ML,ПРО,8950.0,0.0,False,False,False
174,7475.0,ML про,2026-09-05 18:41:16,678,537,ML,ПРО,8950.0,0.165,False,False,False
174,7475.0,Алгоритмы про,2026-09-05 18:41:16,679,537,Алгоритмы,ПРО,8950.0,0.165,False,False,False
494,8959.0,Алгоритмы про,2026-09-05 19:15:54,680,538,Алгоритмы,ПРО,8950.0,-0.001,False,False,False
377,7475.0,Аналитика про,2026-09-05 19:24:12,681,539,Аналитика,ПРО,8950.0,0.165,False,False,False
377,7475.0,Аналитика старт,2026-09-05 19:24:12,682,539,Аналитика,СТАРТ,8950.0,0.165,False,False,False
60,8950.0,ML про,2026-09-05 19:44:33,683,540,ML,ПРО,8950.0,0.0,False,False,False
545,8950.0,ML про,2026-09-05 19:45:17,684,541,ML,ПРО,8950.0,0.0,False,False,False
147,7475.0,ML про,2026-09-05 19:46:01,685,542,ML,ПРО,8950.0,0.165,False,False,False
147,7475.0,ML старт,2026-09-05 19:46:01,686,542,ML,СТАРТ,8950.0,0.165,False,False,False
416,6975.0,Backend про,2026-09-05 21:19:33,687,543,Backend,ПРО,8950.0,0.221,False,False,False
416,6975.0,ML про,2026-09-05 21:19:33,688,543,ML,ПРО,8950.0,0.221,False,False,False
188,6975.0,Backend про,2026-09-06 01:03:43,689,544,Backend,ПРО,8950.0,0.221,False,False,False
569,8950.0,Backend про,2026-09-06 08:00:03,690,545,Backend,ПРО,8950.0,0.0,False,False,False
74,8450.0,AI агенты,2026-09-06 10:34:28,691,546,AI агенты,ПРО,8950.0,0.056,False,False,False
20,7475.0,Аналитика про,2026-09-06 11:07:00,692,547,Аналитика,ПРО,8950.0,0.165,False,False,False
20,7475.0,Аналитика старт,2026-09-06 11:07:00,693,547,Аналитика,СТАРТ,8950.0,0.165,False,False,False
151,7475.0,Аналитика про,2026-09-06 11:31:11,694,548,Аналитика,ПРО,8950.0,0.165,False,False,False
42,8450.0,ML про,2026-09-06 11:42:46,695,549,ML,ПРО,8950.0,0.056,False,False,False
193,8450.0,AI агенты,2026-09-06 11:49:34,696,550,AI агенты,ПРО,8950.0,0.056,False,False,False
105,8950.0,Аналитика про,2026-09-06 11:55:22,697,551,Аналитика,ПРО,8950.0,0.0,False,False,False
275,6975.0,AI агенты,2026-09-06 11:58:58,698,552,AI агенты,ПРО,8950.0,0.221,False,False,False
275,6975.0,ML про,2026-09-06 11:58:58,699,552,ML,ПРО,8950.0,0.221,False,False,False
56,7475.0,Backend старт,2026-09-06 12:12:33,700,553,Backend,СТАРТ,8950.0,0.165,False,False,False
44,6975.0,AI агенты,2026-09-06 12:29:18,701,554,AI агенты,ПРО,8950.0,0.221,False,False,False
327,8950.0,AI агенты,2026-09-06 12:45:38,702,555,AI агенты,ПРО,8950.0,0.0,False,False,False
292,6975.0,ML про,2026-09-06 12:59:39,703,556,ML,ПРО,8950.0,0.221,False,False,False
150,8950.0,Backend про,2026-09-06 13:11:45,704,557,Backend,ПРО,8950.0,0.0,False,False,False
59,8950.0,ML про,2026-09-06 13:32:21,705,558,ML,ПРО,8950.0,0.0,False,False,False
154,8950.0,Алгоритмы про,2026-09-06 13:40:03,706,559,Алгоритмы,ПРО,8950.0,0.0,False,False,False
472,8950.0,ML про,2026-09-06 13:45:12,707,560,ML,ПРО,8950.0,0.0,False,False,False
601,6975.0,Аналитика про,2026-09-06 14:28:33,708,561,Аналитика,ПРО,8950.0,0.221,False,False,False
601,6975.0,Аналитика старт,2026-09-06 14:28:33,709,561,Аналитика,СТАРТ,8950.0,0.221,False,False,False
22,8450.0,ML про,2026-09-06 14:41:56,710,562,ML,ПРО,8950.0,0.056,False,False,False
344,8950.0,AI агенты,2026-09-06 14:48:52,711,563,AI агенты,ПРО,8950.0,0.0,False,False,False
49,7475.0,AI агенты,2026-09-06 14:51:02,712,564,AI агенты,ПРО,8950.0,0.165,False,False,False
49,7475.0,Backend про,2026-09-06 14:51:02,713,564,Backend,ПРО,8950.0,0.165,False,False,False
113,8950.0,Аналитика про,2026-09-06 15:14:57,714,565,Аналитика,ПРО,8950.0,0.0,False,False,False
366,2237.5,AI агенты,2026-09-06 15:18:37,715,566,AI агенты,ПРО,8950.0,0.75,False,False,False
366,2237.5,ML про,2026-09-06 15:18:37,716,566,ML,ПРО,8950.0,0.75,False,False,False
366,2237.5,ML старт,2026-09-06 15:18:37,717,566,ML,СТАРТ,8950.0,0.75,False,False,False
366,2237.5,Алгоритмы старт,2026-09-06 15:18:37,718,566,Алгоритмы,СТАРТ,8950.0,0.75,False,False,False
434,8450.0,Backend про,2026-09-06 15:23:19,719,567,Backend,ПРО,8950.0,0.056,False,False,False
55,2237.5,AI агенты,2026-09-06 15:35:13,720,568,AI агенты,ПРО,8950.0,0.75,False,False,False
23,2237.5,ML старт,2026-09-06 15:39:44,721,569,ML,СТАРТ,8950.0,0.75,False,False,False
51,2237.5,ML про,2026-09-06 15:46:24,722,570,ML,ПРО,8950.0,0.75,False,False,False
261,8950.0,AI агенты,2026-09-06 16:06:04,723,571,AI агенты,ПРО,8950.0,0.0,False,False,False
306,8950.0,ML старт,2026-09-06 16:18:59,724,572,ML,СТАРТ,8950.0,0.0,False,False,False
180,2237.5,Алгоритмы старт,2026-09-06 16:23:30,725,573,Алгоритмы,СТАРТ,8950.0,0.75,False,False,False
10,8450.0,Backend про,2026-09-06 16:25:37,726,574,Backend,ПРО,8950.0,0.056,False,False,False
310,7475.0,AI агенты,2026-09-06 16:38:02,727,575,AI агенты,ПРО,8950.0,0.165,False,False,False
310,7475.0,ML про,2026-09-06 16:38:02,728,575,ML,ПРО,8950.0,0.165,False,False,False
528,8950.0,ML про,2026-09-06 16:54:20,729,576,ML,ПРО,8950.0,0.0,False,False,False
97,8950.0,Backend про,2026-09-06 17:27:55,730,577,Backend,ПРО,8950.0,0.0,False,False,False
449,8950.0,Алгоритмы старт,2026-09-06 17:28:24,731,578,Алгоритмы,СТАРТ,8950.0,0.0,False,False,False
278,7475.0,Аналитика про,2026-09-06 17:31:06,732,579,Аналитика,ПРО,8950.0,0.165,False,False,False
278,7475.0,Аналитика старт,2026-09-06 17:31:06,733,579,Аналитика,СТАРТ,8950.0,0.165,False,False,False
300,6950.0,Data Science,2026-09-06 17:58:00,734,580,Data,Другое,6950.0,0.0,False,False,False
251,9950.0,Мат анализ,2026-09-06 18:05:45,735,581,Математика,Другое,9950.0,0.0,False,False,False
347,7475.0,Аналитика про,2026-09-06 18:35:08,736,582,Аналитика,ПРО,8950.0,0.165,False,False,False
359,7475.0,Аналитика старт,2026-09-06 18:40:33,737,583,Аналитика,СТАРТ,8950.0,0.165,False,False,False
399,8950.0,ML про,2026-09-06 19:02:33,738,584,ML,ПРО,8950.0,0.0,False,False,False
530,8950.0,Аналитика про,2026-09-06 19:09:38,739,585,Аналитика,ПРО,8950.0,0.0,False,False,False
396,9950.0,Мат анализ,2026-09-06 19:15:37,740,586,Математика,Другое,9950.0,0.0,False,False,False
604,8950.0,Аналитика старт,2026-09-06 19:17:57,741,587,Аналитика,СТАРТ,8950.0,0.0,False,False,False
593,9950.0,Мат анализ,2026-09-06 19:53:15,742,588,Математика,Другое,9950.0,0.0,False,False,False
454,8950.0,ML про,2026-09-07 04:33:26,743,589,ML,ПРО,8950.0,0.0,False,False,False
63,8950.0,Алгоритмы про,2026-09-07 05:24:57,744,590,Алгоритмы,ПРО,8950.0,0.0,False,False,False
228,8950.0,AI агенты,2026-09-07 07:42:35,745,591,AI агенты,ПРО,8950.0,0.0,False,False,False
13,8950.0,AI агенты,2026-09-07 07:54:24,746,592,AI агенты,ПРО,8950.0,0.0,False,False,False
465,4225.0,Алгоритмы,2026-09-07 08:21:23,747,593,Алгоритмы,Другое,8950.0,0.528,False,False,False
125,8950.0,ML про,2026-09-07 08:46:37,748,594,ML,ПРО,8950.0,0.0,False,False,False
491,8950.0,Аналитика про,2026-09-07 09:04:54,749,595,Аналитика,ПРО,8950.0,0.0,False,False,False
100,8950.0,Backend старт,2026-09-07 09:30:42,750,596,Backend,СТАРТ,8950.0,0.0,False,False,False
110,8950.0,AI агенты,2026-09-07 10:27:06,751,597,AI агенты,ПРО,8950.0,0.0,False,False,False
119,8950.0,Алгоритмы про,2026-09-07 11:34:36,752,598,Алгоритмы,ПРО,8950.0,0.0,False,False,False
102,6475.0,AI агенты,2026-09-07 12:59:48,753,599,AI агенты,ПРО,8950.0,0.277,False,False,False
102,6475.0,ML про,2026-09-07 12:59:48,754,599,ML,ПРО,8950.0,0.277,False,False,False
204,8950.0,ML про,2026-09-07 13:39:13,755,600,ML,ПРО,8950.0,0.0,False,False,False
214,8950.0,AI агенты,2026-09-07 14:02:50,756,601,AI агенты,ПРО,8950.0,0.0,False,False,False
254,7475.0,Алгоритмы про,2026-09-07 14:53:39,757,602,Алгоритмы,ПРО,8950.0,0.165,False,False,False
254,7475.0,Алгоритмы старт,2026-09-07 14:53:39,758,602,Алгоритмы,СТАРТ,8950.0,0.165,False,False,False
246,9950.0,Мат анализ,2026-09-07 16:45:55,759,603,Математика,Другое,9950.0,0.0,False,False,False
509,18900.0,Теория вероятностей,2026-09-07 16:51:31,760,604,Математика,Другое,9950.0,-0.899,False,True,False
72,6975.0,AI агенты,2026-09-07 19:19:58,761,605,AI агенты,ПРО,8950.0,0.221,False,False,False
72,6975.0,ML про,2026-09-07 19:19:58,762,605,ML,ПРО,8950.0,0.221,False,False,False
78,6950.0,Data Science,2026-09-08 05:10:30,763,606,Data,Другое,6950.0,0.0,False,False,False
548,6975.0,AI агенты,2026-09-08 12:45:32,764,607,AI агенты,ПРО,8950.0,0.221,False,False,False
548,6975.0,ML про,2026-09-08 12:45:32,765,607,ML,ПРО,8950.0,0.221,False,False,False
429,9950.0,Мат анализ,2026-09-08 13:04:06,766,608,Математика,Другое,9950.0,0.0,False,False,False
499,8950.0,Аналитика про,2026-09-08 13:24:34,767,609,Аналитика,ПРО,8950.0,0.0,False,False,False
68,7500.0,Алгоритмы про,2026-09-08 17:53:12,768,610,Алгоритмы,ПРО,8950.0,0.162,False,False,False
68,7500.0,Алгоритмы старт,2026-09-08 17:53:12,769,610,Алгоритмы,СТАРТ,8950.0,0.162,False,False,False
456,9950.0,Мат анализ,2026-09-08 17:57:42,770,611,Математика,Другое,9950.0,0.0,False,False,False
190,9950.0,Мат анализ,2026-09-09 02:52:43,771,612,Математика,Другое,9950.0,0.0,False,False,False
80,6975.0,ML про,2026-09-09 04:53:08,772,613,ML,ПРО,8950.0,0.221,False,False,False
108,6975.0,AI агенты,2026-09-09 04:53:08,773,614,AI агенты,ПРО,8950.0,0.221,False,False,False
358,8450.0,Аналитика про,2026-09-09 06:30:33,774,615,Аналитика,ПРО,8950.0,0.056,False,False,False
224,8450.0,Аналитика про,2026-09-09 08:55:28,775,616,Аналитика,ПРО,8950.0,0.056,False,False,False
438,8950.0,Аналитика про,2026-09-09 13:24:37,776,617,Аналитика,ПРО,8950.0,0.0,False,False,False
283,7475.0,AI агенты,2026-09-09 13:34:09,777,618,AI агенты,ПРО,8950.0,0.165,False,False,False
283,7475.0,ML про,2026-09-09 13:34:09,778,618,ML,ПРО,8950.0,0.165,False,False,False
381,8950.0,Аналитика старт,2026-09-09 14:46:43,779,619,Аналитика,СТАРТ,8950.0,0.0,False,False,False
212,7475.0,Алгоритмы про,2026-09-09 15:03:44,780,620,Алгоритмы,ПРО,8950.0,0.165,False,False,False
212,7475.0,Алгоритмы старт,2026-09-09 15:03:44,781,620,Алгоритмы,СТАРТ,8950.0,0.165,False,False,False
567,7475.0,AI агенты,2026-09-09 15:06:26,782,621,AI агенты,ПРО,8950.0,0.165,False,False,False
567,7475.0,Алгоритмы про,2026-09-09 15:06:26,783,621,Алгоритмы,ПРО,8950.0,0.165,False,False,False
337,7475.0,Алгоритмы про,2026-09-09 15:41:19,784,622,Алгоритмы,ПРО,8950.0,0.165,False,False,False
349,7475.0,Алгоритмы старт,2026-09-09 16:10:16,785,623,Алгоритмы,СТАРТ,8950.0,0.165,False,False,False
123,6450.0,Data Science,2026-09-09 16:23:01,786,624,Data,Другое,6950.0,0.072,False,False,False
444,7475.0,Алгоритмы про,2026-09-09 16:46:07,787,625,Алгоритмы,ПРО,8950.0,0.165,False,False,False
444,7475.0,Алгоритмы старт,2026-09-09 16:46:07,788,625,Алгоритмы,СТАРТ,8950.0,0.165,False,False,False
36,8950.0,Алгоритмы,2026-09-09 19:26:20,789,626,Алгоритмы,Другое,8950.0,0.0,False,False,False
36,8950.0,Дискретка,2026-09-09 19:26:20,790,626,Математика,Другое,8950.0,0.0,False,False,False
36,8950.0,Линейная алгебра,2026-09-09 19:26:20,791,626,Математика,Другое,9950.0,0.101,False,False,False
36,8950.0,Мат анализ,2026-09-09 19:26:20,792,626,Математика,Другое,9950.0,0.101,False,False,False
36,8950.0,Теория вероятностей,2026-09-09 19:26:20,793,626,Математика,Другое,9950.0,0.101,False,False,False
407,8950.0,Линейная алгебра,2026-09-09 23:11:20,794,627,Математика,Другое,9950.0,0.101,False,False,False
196,9950.0,Линейная алгебра,2026-09-10 06:09:12,795,628,Математика,Другое,9950.0,0.0,False,False,False
